CurrentlyListed,Name,RFMOName,IMO,NNR,VesselType,GearType,Flag,IRCS,MMSI,GT,DWT,Length,YearOfBuild,Depth,BuiltIn,OwnerName,OperatorName,VesselStatus,IOTC,Reason1,ICCAT,Reason2,IATTC,Reason3,WCPFC,Reason4,CCAMLR,Reason5,SEAFO,Reason6,INTERPOL,Reason7,NEAFC,Reason8,NAFO,Reason9,SPRFMO,Reason10,CCSBT,Reason11,GFCM,Reason12,NPFC,Reason13,SIOFA,Reason14
True,ABDI BABA 1,Sharon 1,8692299,,Fishing Vessel,Purse seine,Unknown,,,143.000,,28.780,197401,4.000,Venezuela,Trade & Trade Yachting Ltd,Trade & Trade Yachting Ltd,In Service/Commission,2019-12 - ,Cross-listing,2008-11-24 - ,Use of fraudulent documentation,,,,,,,,,,,,,,,,,,,2014-05 - ,,,,2019 - ,Cross-listing
True,ABISHAK PUTHA 3,,,,,,,4SFXXXX,417000878,,,,,,,,,,2021-06-14 - ,Cross-listing,,,,,,,,,,,,,,,,,,,2021-03-25 - ,Cross-listing,,,,,2020 - ,Engaged in fishing for fishery resources in the Agreement Area and  are not on the SIOFA Record of Authorized Vessels
True,ABUNDANT 1,ABUNDANT 1 (YI HONG 06),,,,,,CPA 226,,,,,,,,Huang Jia Yi,Hatto Daroi,,2015-05-01 - ,Operating in the IOTC area without authorisation,2015-10-02 - ,Following IOTC,,,,,,,,,,,,,,,,,,,,,,,2021-04-05 - ,Cross-listing
True,ABUNDANT 12,ABUNDANT 12 (YI HONG 106),,,,,,CPA202,,,,,,,,Huang Jia Yi,Mendez Francisco Delos Reyes,,2015-05-01 - ,Operating in the IOTC area without authorisation,2015-10-02 - ,Following IOTC,,,,,,,,,,,,,,,,,,,,,,,2021-04-05 - ,Cross-listing
True,ABUNDANT 3,ABUNDANT 3 (YI HONG 16),,,,,,CPA201,,,,,,,,Huang Jia Yi,Huang Wen Hsin,,2015-05-01 - ,Operating in the IOTC area without authorisation,2015-10-02 - ,Following IOTC,,,,,,,,,,,,,,,,,,,,,,,2021-04-05 - ,Cross-listing
True,ABUNDANT 6,ABUNDANT 6 (YI HONG 86),,,Fishing Vessel,Longline,,CPA221,,,,,,,,Huang Jia Yi,Huang Wen Hsin,,2017-05 - ,Operating in the IOTC area without authorisation,2017-07-15 - ,Following IOTC,,,,,,,,,,,,,,,,,,,,,,,2021-04-05 - ,Cross-listing
True,ABUNDANT 9,ABUNDANT 9 (YI HONG 116),,,,,,CPA222,,,,,,,,Huang Jia Yi,Pan Chao Mao,,2015-05-01 - ,Operating in the IOTC area without authorisation,2015-10-02 - ,Following IOTC,,,,,,,,,,,,,,,,,,,,,,,2021-04-05 - ,Cross-listing
True,ACROS NO. 2,Acros No. 2,7379345,,Fishing Vessel,,Honduras,,,284.000,343,48.240,197403,3.610,"Shizuoka, Shizuoka, Kanasashi Heavy Industries Co Ltd (Shimizu, Shizuoka , Japan), Japan","Infitco SA, Infitco Ltd","Infitco SA, Infitco Ltd",In Service/commission,2019-12 - ,Cross-listing,2006-11-26 - ,Vessels greater than 24m not included in ICCAT Record of Vessels. Seen fishing in the MED during closed season,,,,,,,,,,,,,,,,,,,2014-05 - ,,,,2019 - ,Cross-listing
True,AL'AMIR MUHAMMAD,AL'AMIR MUHAMMAD,,,Fishing Vessel,,Egypt,,,,,,,,,,,,2019-12 - ,Cross-listing,,,,,,,,,,,,,,,,,,,,,2018-07 - ,IUU fishing in the Strait of Sicily,,,2019 - ,Cross-listing
True,ALBORAN II,Alboran II,7306570,37213PEX1,Fishing Vessel,Trawl unspecified,,,,252.000,129,31.250,197404,3.750,"Gijon, Sociedad Metalurgica Duro Felguera - Gijon Yard/hull No.: 97, Spain",Redfin Investments SA,Redfin Investments SA,Total Loss,2019-12 - ,Cross-listing,2020 - ,Cross-listing,,,,,,,2008-03-18 - ,,,,2008-03-18 - ,,2008-08-04 - ,,,,,,2014-05 - ,,,,2019 - ,Cross-listing
False,ALFA,Alfa,7436533,C-00951,Reefer,,Georgia,4LPN,,669.000,518,55.020,197403,5.190,"Khabarovsk, Khabarovskiy Sudostroitelnyy Zavod im Kirova - Khabarovsk Yard/hull No.: 807, U.S.S.R.",Stratford Vale Corp,JSC Fishery Group,Total Loss,,,,,,,,,,,2007-10-31 - 2009-11-13,,,,2007-06-12 - 2009-11-13,OBS by NOR TRA in RA SCH 07/37,2008-01-05 - 2009-11-13,,,,,,,,,,,
True,"ALWESAM 5, AL WESAM 5",AL WESAM 5,,,"Fishing Vessel, Stern Trawler",Trawl unspecified,,HSN5447,,384.050,,40.000,,4.000,,Marine Renown SARL,,,2018-05 - ,Contravention of IOTC Resolution 17/03,2018-06-06 - ,Cross-listing,,,,,,,,,,,,,,,,,,,,,,,2020 - ,Cross-listing
True,AMORINN,Amorinn,7036345,,Fishing Vessel,,Unknown,,,530.000,411,54.240,197003,3.750,"Niigata, Niigata, Niigata Engineering Co Ltd - Niigata NI Yard/hull No.: 866, Japan",Rptd Sold Undisclosed Interest,Rptd Sold Undisclosed Interest,In Service/commission,2019-12 - ,Cross-listing,2019 - ,Cross-listing,,,,,2003-11-07 - ,Inside Division 58.4.2,2007-10-31 - ,,,,,,,,,,,,2014-05 - ,,,,2019 - ,Cross-listing
True,ANEKA 228,Aneka 228,,,,,,,,,,,,,,,,,2015-05-01 - ,Operating in the IOTC area without authorisation,2015-10-02 - ,Following IOTC,,,,,,,,,,,,,,,,,,,,,,,2020 - ,Cross-listing
True,ANTONY,Antony,7236634,,Fishing Vessel,,Unknown,,,346.000,347,50.400,197200,3.610,"Shimizu, Shizuoka, Miho Zosensho K.K. Shimizu, Japan",World Ocean Fishing SL; World Oceans Fishing SL,World Oceans Fishing SL,In Service/commission,2019-12 - ,Cross-listing,2019 - ,Cross-listing,,,,,2016-10-28 - ,Supporting IUU listed vessels,2016 - ,From CCAMLR,,,,,,,,,,,,,,,2019 - ,Cross-listing
False,AQUARUS,Aquarus,,,,,St. Vincent and the Grenadines,,,,,,,,,,,,,,2004-11-21 - 2006-11-26,,,,,,,,,,,,,,,,,,,,,,,,,
False,AROGYA ANNAI,BEO HINGIS,,IND-KL-04-MM-1617,Fishing Vessel,"Lines unspecified, Gillnets",India,,,86.000,,22.000,2012,,Kochi,Siraj,,,2017-05 - 2018-12-14,Fishing without a license in the waters of the UK (OT),2017-07-15 - 2019,Following IOTC,,,,,,,,,,,,,,,,,,,,,,,,
True,ASIAN WARRIOR,ASIAN WARRIOR,7322897,,Fishing Vessel,,Equatorial Guinea,,,"284.000, 656.000, 647.000",,48.210,197305,3.610,"Shizuoka, Shizuoka, Kanasashi Heavy Industries Co Ltd (Shimizu, Shizuoka , Japan), Japan",High Mountain Overseas S.A.,,In Service/commission,2015-05-01 - ,,2015-10-02 - ,Following IOTC,,,,,2003-11-07 - ,Inside Division 58.5.2,2007-10-31 - ,,,,,,,,,,,,2014-05 - ,,,,2019 - ,Cross-listing
False,ATLANTIC GLORY,TS Elegance,8919403,011021791,Fishing Vessel,Purse seine,Belize,V3PB8,312864000,"2027.000, 2109.000, 1208.079",1650,79.800,199104,8.900,"Huelva S.A., Astilleros De, Spain",,,In Service/commission,2005-06-03 - 2006-05-26,Contravention of IOTC Resolution 02/04,,,,,,,,,,,,,,,,,,,,,,,,,,
False,ATLANTIC PRINCE,TS Emerald,8919415,"011121792, 011021792",Fishing Vessel,"Purse seine, Seine other",Belize,V3PG8,312867000,"2027.000, 2109.000",1650,79.800,199107,8.900,"Huelva S.A., Astilleros De, Spain",,,In Service/commission,2005-06-03 - 2006-05-26,Contravention of IOTC Resolution 02/04,,,,,,,,,,,,,,,,,,,,,,,,,,
False,ATLANTIC QUEEN,TS Prosperity,9223227,"GSR 0179, 316640",Fishing Vessel,Purse seine,Ghana,9GHE,627179000,1664.000,1566,72.530,200007,5.700,Niigata Shipbuilding & Repair Inc,,Africa Star Fisheries Ltd,In Service/commission,2005-06-03 - 2006-05-26,Contravention of IOTC Resolution 02/04,,,,,,,,,,,,,,,,,,,,,,,,,,
True,ATLANTIC WIND,ATLANTIC WIND,9042001,,Fishing Vessel,Gillnets,Unknown,,,851.000,652,61.720,199012,4.170,"Busan, Dae Sun Shipbuilding & Engineering Co (Busan , Korea, South), Dae Sun Shipbuilding &amp; Engineering Pusan, South Korea, South Korea, Korea, South",High Mountain Overseas S.A.; Bright Future Invest NV,Bright Future Invest NV,In Service/commission,2015-05-01 - ,,2015-10-02 - ,,,,,,2004-11-05 - ,"Fishing inside Division 58.4.3b; Inside Division 58.4.3a; Fishing inside Division 58.4.3a; Undocumented landing, Malaysia",2007-10-31 - ,,,,,,,,,,,,2014-05 - ,,,,2019 - ,Cross-listing
False,AVIOR,Avior,7612321,M-00890,Reefer,,Georgia,4LIJ,,673.000,518,55.000,197512,5.160,"Khabarovsk, Khabarovskiy Sudostroitelnyy Zavod im Kirova - Khabarovsk Yard/hull No.: 808, U.S.S.R.",ArdiStelo Ltd (OOO 'ArdiStella'),ArdiStelo Ltd (OOO 'ArdiStella'),Broken Up,,,,,,,,,,,2007-10-31 - 2009-11-13,,,,2006-08-26 - 2009-11-13,1st OBS by NOR TRA in RA,2007-07-22 - 2009-11-13,,,,,,,,,,,
False,BALENA,Balena,,,,,Unknown,,,,,,,,,Long Bow Fishing Co Ltd,,,2010-03-05 - 2011-03-22,Contravention of IOTC Resolution 07/02 and 09/03,,,,,,,,,,,,,,,,,,,,,,,,,,
True,BAROON,Baroon,9037537,,Fishing Vessel,Longline,Unknown,,,616.000,,55.160,"1990, 199108",3.750,"Shizuoka, Shizuoka, Kanasashi Heavy Industries Co Ltd, Japan",Vero Shipping Corporation,,In Service/commission,2019-12 - ,Cross-listing,2019 - ,Cross-listing,,,,,2007-11-02 - ,Inside Division 88.1; Fishing inside Division 58.4.1,2007-11-02 - ,,,,,,,,,,,,2014-05 - ,,,,2019 - ,Cross-listing
False,BELLATOR,BELLATOR,9179359,,"Fishing Vessel, Stern Trawler","Trawl unspecified, Purse seine",Angola,D3P5442,603100323,707.000,600,47.450,199809,7.050,"Urk, Metz BV, Urk, NL, NETHERLANDS","Cat-Congelacao Atlantica Do Tombwa, S.A.",,Laid-Up,2019-12 - 2021,Cross-listing,,,,,,,,,,,,,,,,,2015-02-06 - 2021-02-05,Fishing in the SPRFMO Convention Area without authorisation and prolonged presence in the SPRFMO area,,,,,,,2019 - 2021,Cross-listing
False,BENAIAH,BENAIAH,,TN-2/FV01699/13,Fishing Vessel,"Longline, Gillnets",India,,,,,,,,,Raju,Chris Lukaj,,2017-05 - 2018-12-14,Fishing without a license in the waters of the UK (OT),2017-07-15 - 2019,Following IOTC,,,,,,,,,,,,,,,,,,,,,,,,
True,BHASKARA NO. 10,Bhaskara No. 10,,,,,Unknown,,,,,,,,,,,,2019-12 - ,Cross-listing,2011-08-30 - ,E11-5762,2005-12-26 - ,,,,,,,,,,,,,,,,,,2014-05 - ,,,,2019 - ,Cross-listing
True,BHASKARA NO. 9,Bhaskara No. 9,,,,,Unknown,,,,,,,,,,,,2019-12 - ,Cross-listing,2011-08-30 - ,,2005-12-26 - ,,,,,,,,,,,,,,,,,,2014-05 - ,,,,2019 - ,Cross-listing
False,BHINEKA,Bhineka,,,,,Indonesia,YGJY,,490.000,,43.700,,3.600,,,,,,,2011-08-30 - 2012-06-21,ref E11-5762,2005-12-26 - 2012-06-21,,,,,,,,,,,,,,,,,,,,,,,
True,"BIGEYE, BIG EYE",Bigeye,,SL/ITC/181104,,,Sierra Leone,FN003883,,,,,,,,MARIA FISHERY CO.LTD,,,2019-12 - ,Cross-listing,2006-11-26 - ,"vessels had no VMS, suspected of having no tuna licence and of possible at-sea transhipments",,,,,,,,,,,,,,,,,,,2014-05 - ,,,,2019 - ,Cross-listing
False,BINH MINH 02,Pavlovsk,8326319,VNSG-2101-KS,"Seismic Survey Vessel, Research Survey Vessel",,Vietnam,3WYN,574756000,2319.000,721,62.260,198312,9.220,"Stralsund, VEB Volkswerft Stralsund - Stralsund Yard/hull No.: 628, German Democratic Republic",PetroVietnam Technical Services Corp (PTSC) (Cong Ty Dich Vu Ky Thuat Dau Khi),PTSC Geos & Subsea Services Co Ltd,Laid-Up,,,,,,,,,,,2007-10-31 - 2008-04-27,,,,2005-11-18 - 2008-03-27,,2007-02-18 - 2008-04-27,,,,,,,,,,,
True,BLAGODATNY,NEFELIN,7645237,,Fishing Vessel,,Ukraine,,272545000,"171.000, 201.000",88,34.020,197700,3.660,"Astrakhan, U.S.S.R.",Batisi Cooperative ('Kooperativ Batisi'),Batisi Cooperative ('Kooperativ Batisi'),In Service/commission,2019-12 - ,Cross-listing,2020 - ,Cross-listing,,,,,,,,,,,,,,,,,,,2018 - 2019-04-24,,,,2019 - ,Cross-listing
False,BLUE OCEAN MARINE,Blue Ocean Marine,7826271,019921383,Fishing Vessel,,Belize,V3AF3,,2685.000,1741,84.990,198012,9.200,"Gdansk, Stocznia Polnocna SA (Northern Shipyard), Poland",Blue Ocean Marine Line SA,TS Marine Pte Ltd,Broken Up,2005-06-03 - 2007-05-18,"Contravention of IOTC Resolution 02/04, 02/05, 03/05",,,,,,,,,,,,,,,,,,,,,,,,,,
True,BRAVO,Bravo,,,,,Palau,T8AN3,,,,,,,,,,,2019-12 - ,Cross-listing,2004-11-21 - ,"Sighting of tuna longliner in the Convention area, not on ICCAT Record of Vessels",,,,,,,,,,,,,,,,,,,2014-05 - ,,,,2019 - ,Cross-listing
True,CAMELOT,Camelot,,,,,Unknown,,,,,,,,,,,,2019-12 - ,Cross-listing,2011-08-30 - ,,2005-12-26 - ,,,,,,,,,,,,,,,,,,2014-05 - ,,,,2019 - ,Cross-listing
False,CARIBBEAN STAR NO. 31,Caribbean Star No. 31,,,,,Colombia,,,88.000,,31.390,1980,3.550,Rodriguez Boat Builders Inc.,Crystal Ocean Inc.,,,,,,,2010-10-13 - 2011-07-01,Not authorized to fish,,,,,,,,,,,,,,,,,,,,,,
False,CARIBE,Caribe,7351161,,"Fishing Vessel, Stern Trawler",Trawl unspecified,,,,1580.000,1626,87.000,197501,8.410,"Viareggio, Soc. Esercizio Cant. S.p.A. - Viareggio Yard/hull No.: 615, Italy",Rptd Sold Undisclosed Interest,Rptd Sold Undisclosed Interest,In Service/commission,,,,,,,,,,,2007-10-31 - 2007-12-21,,,,2005-11-18 - 2007-11-16,,2007-02-18 - 2007-12-21,,,,,,,,,,,
True,CARLOS,Daniaa,7234014,002/DNMM/2003,Fishing Vessel,Longline,Guinea,3X07QMC,,312.000,,49.740,197209,3.660,"Shizuoka, Shizuoka, KK Kanasashi Zosen - Shimizu Yard/hull No.: 1082, Japan",Pesqueira Sao Tome Lda; SIPEM GUINEE SARL-PESQ.SAO TOME (ALPHA CAMARA),Pesqueira Sao Tome Lda,In Service/commission,2019-12 - ,Cross-listing,2008-11-24 - ,Bluefin tuna caught and exported without quota,,,,,,,,,,,,,,,,,,,2014-05 - ,,,,2019 - ,Cross-listing
False,CARMAL MATHA,CARMAL MATHA,,TN-2/FV01675/13,Fishing Vessel,Lines unspecified,India,,,,,,,,,"Anthony J, s/o Joseph",Mr Antony,,2017-05 - 2018-12-14,Fishing without a license in the waters of the UK (OT),2017-07-15 - 2019,Following IOTC,,,,,,,,,,,,,,,,,,,,,,,,
False,CARMEN,Carmen,8522030,M-01037,"Fishing Vessel, Stern Trawler",Trawl unspecified,,4LSK,,1898.000,690,62.260,198503,9.220,"Stralsund, VEB Volkswerft Stralsund - Stralsund Yard/hull No.: 669, German Democratic Republic",A B Bocyp Fishing Ltd,Northern Fishers Co (OOO 'Severnaya Rybolovetskaya Kompaniya'),Broken Up,,,,,,,,,,,2007-10-31 - 2011,,,,2004-10-04 - 2009-11-13,,2006-09-22 - 2009-11-13,NAFO Div. 1F,,,,,,,,,,
False,CEFEY,Cefey,7700104,,Reefer,,Russia,UGAU,,1727.000,2175,78.110,197807,7.520,"Buesum, Buesumer Werft GmbH - Buesum (Hull) Yard/hull No.: 269, Germany, Federal Republic Of",Rybprom-3 JSC (ZAO 'Rybprom-3'),Rybprom-3 JSC (ZAO 'Rybprom-3'),Broken Up,,,,,,,,,,,2007-10-31 - 2009-11-13,,,,2005-04-13 - 2009-11-13,"OBS with Panamanian Flag call sign: HP8520, OBS by NOR transhipping the in NEAFC Regulatory Area",2007-02-18 - 2009-11-13,,,,,,,,,,,
True,CEVAHIR,GALA I,8133839,,"Research vessel, Fishing Vessel, Research Survey Vessel",Purse seine,Unknown,,,104.000,,23.750,198200,4.000,"Hoogezand, Jachtbouw en Constructiebedrijf Marcon - Hoogezand, Netherlands",Trade & Trade Yachting Ltd,Trade & Trade Yachting Ltd,In Service/commission,2019-12 - ,Cross-listing,2008-11-24 - ,Use of fraudulent documentation,,,,,,,,,,,,,,,,,,,2014-05 - ,,,,2019 - ,Cross-listing
True,CHALLENGE,Challenge,6622642,37571PEXT,Fishing Vessel,,,HO5381,,900.000,1145,45.700,1966,7.010,"Barreras S.A., Hijos De J. (Vigo , Spain), Vigo, Spain",Advantage Company SA,Advantage Company SA,Continued Existence In Doubt,2019-12 - ,Cross-listing,2019 - ,Cross-listing,,,,,2006-11-03 - ,Inside Division 58.4.3b; 58.4.3b; 58.4.3b; 58.4.3b,2007-10-31 - ,,,,,,,,,,,,2014-05 - ,,,,2019 - ,Cross-listing
True,CHI TONG,Chi Tong,,,,,,,,,,,,,,,,,2015-05-01 - ,Operating in the IOTC area without authorisation,2015-10-02 - ,Following IOTC,,,,,,,,,,,,,,,,,,,,,,,2021-06-05 - ,Cross-listing
False,CHIA YU 3,Yu Long 33,,,,,Unknown,,,55.000,,22.100,2002,1.700,"Jin Jiahn Lih Shipbuilding Co., Ltd.",,Pesca Tuna SA,,,,,,2005-12-26 - 2006-06-30,,,,,,,,,,,,,,,,,,,,,,,
True,CHOTCHAINAVEE 35,CHOTCHAINAVEE 35,,,"Fishing Vessel, Trawler",Trawls,Djibouti,,567000035,,,,,,,Green Laurel International,,,2019-06 - ,,2019-06-01 - ,Cross-listing,,,,,,,,,,,,,,,,,,,,,,,2020 - ,Cross-listing
True,COBIJA,COBIJA,7330399,,"Fishing Vessel, Stern Trawler",Trawl unspecified,,,,873.000,,52.000,197311,5.620,"Marystown, NL, Canada",Express Financial Ventures Group Inc,Express Financial Ventures Group Inc,In Service/commission,2019-12 - ,Cross-listing,2019 - ,Cross-listing,,,,,,,2017 - ,Fishing inside FAO Area 47/48,,,2018 - ,Following SEAFO,,,,,,,,,,,2019 - ,Cross-listing
False,COMET,Comet,8324139,,Fishing Vessel,,Unknown,,,1007.000,853,62.820,198403,6.810,"Muroran, Hokkaido, Narasaki Zosen K.K., Japan",Credraf Associates SA,Jose Manuel Salgueiro,In Service/commission,,,,,,,,,2006-11-03 - 2008-11-07,Fishing inside Division 58.4.3b,2007-10-31 - 2008-11-07,,,,,,,,,,,,,,,,,
False,CONCHITA VI,Conchita VI,,,,,Belize,V3TB7,,79.000,,23.800,2002,2.000,Shing Sheng Fa Boatbuilding Co. Ltd,Primero Fishery Co. Ltd,,,,,,,2005-12-26 - 2006-06-30,,,,,,,,,,,,,,,,,,,,,,,
False,CRYSTAL CROWN,Ocean Explorer,7826245,,Fishing Vessel,Purse seine,,,,2685.000,1749,84.990,198012,9.220,"Gdansk, ul Marynarki Polskiej 177, 80-958 Gdansk, Poland","THAI TUNA FISHING Co., Ltd.",International Fishing Corp Pte Ltd,In Service/commission,2005-06-03 - 2006-05-26,Contravention of IOTC Resolution 02/04,,,,,,,,,,,,,,,,,,,,,,,,,,
False,"DAE YANG NO. 606, NO.606 DAE YANG",Chang Yow No. 212,8013883,0809001-6261106,Fishing Vessel,Longline,South Korea,DTBV3,441527000,664.000,,55.890,198008,3.920,"Shizuoka, Shizuoka, 1980-08 KK Kanasashi Zosen - Shimizu Yard/hull No.: 2047, Japan","Grand Fishery Co., Ltd","Grand Fishery Co., Ltd",In Service/commission,,,2004-11-21 - 2006-11-26,,,,,,,,,,,,,,,,,,,,,,,,,
False,DIEGO STAR 2,DIEGO STAR 2,,,Fishing Vessel,,Comoros,D6A2026,,,,,,,,Rodia Processing Plant Co Ltd,Rodia Processing Plant Co Ltd,,,,,,,,,,,,,,,,,,,,,,,,,,,,2018-06 - 2018-10-26,Fishing in the Agreement Area and not on the SIOFA Record of Authorised Vessels
False,DIEGO STAR 3,DIEGO STAR 3,8001608,,Fishing Vessel,Longline,Comoros,D6A2132,,299.000,,50.770,198004,3.560,"Kochi, Kochi, Japan",Rodia Processing Plant Co Ltd,Rodia Processing Plant Co Ltd,"Total Loss, Sunk",,,,,,,,,,,,,,,,,,,,,,,,,,,2018-06 - 2018-10-26,Fishing in the Agreement Area and not on the SIOFA Record of Authorised Vessels
False,DIGNAMOL 1,DIGNAMOL 1,,IND-TN-15-MM-125,Fishing Vessel,Lines unspecified,India,,,,,,,,,"Jelvis s/o Dicostan; SD. Jelvish, s/o Dikostan",James Robert,,2017-05 - 2018-12-14,Fishing without a license in the waters of the UK (OT),2017-07-15 - 2019,Following IOTC,,,,,,,,,,,,,,,,,,,,,,,,
False,DOLFIN,Dolphin,8422852,,"Fishing Vessel, Stern Trawler",Trawl unspecified,Unknown,,,1898.000,690,62.260,198410,9.220,"Stralsund, VEB Volkswerft Stralsund - Stralsund Yard/hull No.: 656, German Democratic Republic",Rptd Sold Undisclosed Interest,Rptd Sold Undisclosed Interest,Scrapped,,,,,,,,,,,2007-10-31 - 2014-11-14,,,,2005-04-01 - 2014-11-14,OBS by EU and ISL fishing in the NEAFC Regulatory Area,2007-02-18 - 2014-11-14,,,,,,,,,,,
True,DONG WON NO. 629,Melilla No. 103,7809986,9710003-6260008,Fishing Vessel,Longline,South Korea,DTAQ8,,422.000,425,52.750,197809,3.750,"Niigata, Niigata, Niigata Engineering Co Ltd - Niigata Yard/hull No.: 1607, Japan",,Dongwon Industries Co Ltd,"Sunk, Total Loss",2019-12 - ,Cross-listing,2006-11-26 - ,Vessels greater than 24m not included in ICCAT Record of Vessels. Seen fishing in the MED during closed season,,,,,,,,,,,,,,,,,,,2014-05 - ,,,,2019 - ,Cross-listing
False,DRAGON 18,Dragon 18,,,,,Belize,V3NS5,,99.000,,,,2.000,Chien Renn Shipbuilding Co. Ltd,,"Shung Ye Fishery Co., Ltd",,,,,,2005-12-26 - 2008-06-27,,,,,,,,,,,,,,,,,,,,,,,
False,DRAGON 28,Dragon 28,,P13101,Fishing Vessel,Longline,Costa Rica,V3HT2,,90.000,,27.600,2002,2.000,"Chien Renn Shipbuilding Co. Ltd, Chien Renn Shipbuilding Company, Ltd.","3-102-749775 Sociedad De Responsabilidad, Ltd.",,,,,,,2005-12-26 - 2006-06-30,,,,,,,,,,,,,,,,,,,,,,,
True,DRAGON III,Dragon III,,,,,Unknown,,,105.000,,23.800,1997,3.200,,Reino De Mar S.A.,Reino De Mar S.A.,,2019-12 - ,Cross-listing,2013-08-20 - ,,2005-12-26 - ,,,,,,,,,,,,,,,,,,2014-05 - ,,,,2019 - ,Cross-listing
False,DRAGON VI,Dragon VI,,,,,Costa Rica,,,91.000,,26.500,1995,3.600,Tecnonaval S.A.,Hung Chuan Wang Shih / Astillero Mariscos del Pacífico SA,Pesca Tuna SA,,,,,,2005-12-26 - 2006-06-30,,,,,,,,,,,,,,,,,,,,,,,
False,DRAGON XIII,Dragon XIII,,,,,Belize,,,,,,,,,,,,,,,,2005-12-26 - 2006-06-30,,,,,,,,,,,,,,,,,,,,,,,
False,DUBREKA,Cliff,8028424,51100,"Fish carrier, Reefer",,Dominica,J7AW4,325110000,2732.000,3346,80.750,198201,7.800,"Capelle a/d IJssel, Scheepswerf en Mfbk. Ysselwerf B.V. - Capelle a/d IJssel Yard/hull No.: 202, Netherlands",Sonit Sarl (Societe Sonit Guinee-Sarl),"Sonit S/L Ltd,",In Service/commission,,,,,,,,,,,2007-10-31 - 2009-07-10,,,,2005-04-01 - 2009-07-10,OBS by NOR transhipping in the NEAFC Regulatory Area,2007-02-18 - 2009-07-10,,,,,,,,,,,
False,EPHRAEEM,EPHRAEEM,,IND-TN-15-MM-4779,Fishing Vessel,"Gillnets, Longline",India,,,,,,,,,,,,2017-05 - 2018-12-14,"Fishing without a license, use of prohibited gear and no logbook in the waters of the UK (OT)",2017-07-15 - 2019,Following IOTC,,,,,,,,,,,,,,,,,,,,,,,,
True,EROS DOS,Eros Dos,8604668,37161PEXT,"Fishing Vessel, Fishery support vessel",Longline,Unknown,HO5115,,369.000,268,36.500,198912,5.820,"Vigo, Hijos de J. Barreras S.A. - Vigo Yard/hull No.: 1499, Spain",Suarpesca SA,Suarpesca SA,Laid-Up,2019-12 - ,Cross-listing,2020 - ,Cross-listing,,,,,,,2008-02-29 - ,,,,2008-02-29 - ,,2008-08-04 - ,,,,,,2014-05 - ,,,,2019 - ,Cross-listing
False,EVA,Eva,8522119,M-01039,"Fishing Vessel, Stern Trawler",Trawl unspecified,Georgia,4LPH,,1898.000,690,62.260,198505,9.220,"Stralsund, VEB Volkswerft Stralsund - Stralsund Yard/hull No.: 677, German Democratic Republic",A B Bocyp Fishing Ltd,Northern Fishers Co (OOO 'Severnaya Rybolovetskaya Kompaniya'),Broken Up,,,,,,,,,,,2007-10-31 - 2009-11-13,,,,2004-10-04 - 2009-11-13,,2006-09-22 - 2009-11-13,NAFO Div. 1F,,,,,,,,,,
False,F/V EMILY,F/V Emily,,,,,St. Vincent and the Grenadines,,,,,,,,,Continental Ltd.,,,,,2005-11-20 - 2006-11-26,,,,,,,,,,,,,,,,,,,,,,,,,
False,FLORENTINO,Daniela F,9130793,P-04-00943,Fishing Vessel,Purse seine,Ecuador,HC5240,735058912,3726.000,3706,107.500,199704,10.080,"Group Tomas A. Alonso 100, Apartado 35, 36208 Vigo (Pontevedra), Spain, H. J. Barreras",Importeq SA; Importadora Y Exportadora De Maquinas Y Equipos Industriales Importeq SA,Importeq SA; Importadora Y Exportadora De Maquinas Y Equipos Industriales Importeq SA,In Service/commission,,,,,,,2007-12-07 - 2009-12-11,,,,,,,,,,,,,,,,,,,,,
False,FONG KUO NO. 819,Seed Leaf,8913992,42061-10-C,"Reefer, Fish carrier, Cargo vessel",,Panama,3FCY3,370070000,5131.000,6523,115.000,"199101, 1990",10.100,"Hachinohe, Aomori, Kitanihon Zosen K.K., Japan",,FK Overseas Co Ltd,In Service/commission,,,,,,,,,2006-11-03 - 2008-11-07,Undocumented transhipment,2007-10-31 - 2008-11-07,,,,,,,,,,,,,,,,,
True,FU HSIANG FA 18,Fu Hsiang Fa 18,,,Fishing Vessel,Longline,,,,,,,,,,,,,2015-05-01 - ,Operating in the IOTC area without authorisation,2015-10-02 - ,Following IOTC,,,,,,,,,,,,,,,,,,,,,,,2020 - ,Cross-listing
True,FU HSIANG FA NO. 01,Fu Hsiang Fa No. 01,,,,,,,,,,,,,,,,,2014-06-05 - ,Operating in the IOTC area without authorisation,2015-10-02 - ,Following IOTC,,,,,,,,,,,,,,,,,,,,,,,2020 - ,Cross-listing
True,FU HSIANG FA NO. 02,Fu Hsiang Fa No. 02,,,,,,,,,,,,,,,,,2014-06-05 - ,Operating in the IOTC area without authorisation,2015-10-02 - ,Following IOTC,,,,,,,,,,,,,,,,,,,,,,,2020 - ,Cross-listing
True,FU HSIANG FA NO. 06,Fu Hsiang Fa No. 06,,,,,,,,,,,,,,,,,2014-06-05 - ,Operating in the IOTC area without authorisation,2015-10-02 - ,Following IOTC,,,,,,,,,,,,,,,,,,,,,,,2020 - ,Cross-listing
True,FU HSIANG FA NO. 08,Fu Hsiang Fa No. 08,,,,,,,,,,,,,,,,,2014-06-05 - ,Operating in the IOTC area without authorisation,2015-10-02 - ,Following IOTC,,,,,,,,,,,,,,,,,,,,,,,2020 - ,Cross-listing
True,FU HSIANG FA NO. 09,Fu Hsiang Fa No. 09,,,,,,,,,,,,,,,,,2014-06-05 - ,Operating in the IOTC area without authorisation,2015-10-02 - ,Following IOTC,,,,,,,,,,,,,,,,,,,,,,,2020 - ,Cross-listing
True,FU HSIANG FA NO. 11,Fu Hsiang Fa No. 11,,,,,,,,,,,,,,,,,2014-06-05 - ,Operating in the IOTC area without authorisation,2015-10-02 - ,Following IOTC,,,,,,,,,,,,,,,,,,,,,,,2020 - ,Cross-listing
True,FU HSIANG FA NO. 13,Fu Hsiang Fa No. 13,,,,,,,,,,,,,,,,,2014-06-05 - ,Operating in the IOTC area without authorisation,2015-10-02 - ,Following IOTC,,,,,,,,,,,,,,,,,,,,,,,2020 - ,Cross-listing
True,FU HSIANG FA NO. 17,Fu Hsiang Fa No. 17,,,,,,,,,,,,,,,,,2014-06-05 - ,Operating in the IOTC area without authorisation,2015-10-02 - ,Following IOTC,,,,,,,,,,,,,,,,,,,,,,,2020 - ,Cross-listing
True,FU HSIANG FA NO. 20,Fu Hsiang Fa No. 20,,,,,,,,,,,,,,,,,2014-06-05 - ,Operating in the IOTC area without authorisation,2015-10-02 - ,Following IOTC,,,,,,,,,,,,,,,,,,,,,,,2020 - ,Cross-listing
True,FU HSIANG FA NO. 21,Fu Hsiang Fa No. 21,,,,,,,,,,,,,,,,,2013-05-31 - ,Vessel not on the IOTC register,2013-06-04 - ,From IOTC,,,,,,,,,,,,,,,,,,,2014-05 - ,,,,2020 - ,Cross-listing
True,FU HSIANG FA NO. 23,Fu Hsiang Fa No. 23,,,,,,,,,,,,,,,,,2014-06-05 - ,Operating in the IOTC area with authorisation,2015-10-02 - ,Following IOTC,,,,,,,,,,,,,,,,,,,,,,,2020 - ,Cross-listing
True,FU HSIANG FA NO. 26,Fu Hsiang Fa No. 26,,,,,,,,,,,,,,,,,2014-06-05 - ,Operating in the IOTC area without authorisation,2015-10-02 - ,Following IOTC,,,,,,,,,,,,,,,,,,,,,,,2020 - ,Cross-listing
True,FU HSIANG FA NO. 30,Fu Hsiang Fa No. 30,,,,,,,,,,,,,,,,,2014-06-05 - ,Operating in the IOTC area without authorisation,2015-10-02 - ,Following IOTC,,,,,,,,,,,,,,,,,,,,,,,2020 - ,Cross-listing
True,FU LIEN NO. 1,Fu Lien No 1,7355662,,Fishing Vessel,,Unknown,,,305.000,370,46.940,1973,3.540,"1973 Daedong Shipbuilding Co Ltd - Busan Yard/hull No.: 110, Busan",Fu Lien Fishery Co Ltd,Fu Lien Fishery Co Ltd,Continued Existence In Doubt,2019-12 - ,Cross-listing,2013-03-14 - ,,,,2010-12-10 - ,"harvested species covered by the WCPFC Convention in the Convention Area (CMM 2007- 03, para 3h)",,,,,,,,,,,,,,,2014-05 - ,,,,2019 - ,Cross-listing
True,FULL RICH,Full Rich,,,Fishing Vessel,Longline,Unknown,HMEK3,,527.000,,43.390,,,,Noel International Ltd.,Noel International Ltd.,,2013-05-31 - ,Operating in the IOTC area without authorisation,2013-06-04 - ,From IOTC,,,,,,,,,,,,,,,,,,,2014-05 - ,,,,2020 - ,Cross-listing
False,GLORIOUS HARMONY,Ocean Liberty,7806702,,Fishing Vessel,Purse seine,Equatorial Guinea,,,2669.000,1756,85.100,197902,9.200,"Gdansk, Stocznia Polnocna SA (Northern Shipyard), Poland",Interocean TSM Holdings Pte Ltd,International Fishing Corp Pte Ltd,Broken Up,2005-06-03 - 2006-05-26,Contravention of IOTC Resolution 02/04,,,,,,,,,,,,,,,,,,,,,,,,,,
True,GOIDAU RUEY NO.1,Goidau Ruey No.1,,,,,Unknown,HO2508,,99.000,,25.520,,2.000,,"Goidau Ruey Industrial, S.A.",,,2019-12 - ,Cross-listing,2013-08-20 - ,from IATTC,2009-06-06 - ,,,,,,,,,,,,,,,,,,2014-05 - ,,,,2019 - ,Cross-listing
True,GOOD HOPE,Good Hope,7020126,SR1185,"Supply Vessel, Platform Supply Ship",,Nigeria,5NMU,657379000,580.000,945,50.300,197000,4.580,"Houston, TX, Mangone Swiftships Inc., USA, United States Of America",Port Plus Ltd,Port Plus Ltd,In Service/commission,2019-12 - ,Cross-listing,2019 - ,Cross-listing,,,,,2007-11-02 - ,,2007-11-02 - ,,,,,,,,,,,,2014-05 - ,,,,2019 - ,Cross-listing
True,GORILERO,Gorilero,6719419,,"Fishing Vessel, Trawler",Trawl unspecified,Unknown,,,362.000,,38.310,196706,3.970,"Bideford, Appledore Shipbuilders Ltd. - Appledore Yard/hull No.: A.S. 33, United Kingdom",Trianon Business SA,Trianon Business SA,In Service/commission,2019-12 - ,Cross-listing,2020 - ,Cross-listing,,,,,,,2007-10-31 - ,,,,2004-12-20 - ,,2007-02-18 - ,,,,,,2014-05 - ,,,,2019 - ,Cross-listing
True,GUNUAR MELYAN 21,Gunuar Melyan 21,,,,,,,,,,,,,,,,,2008-06-11 - ,IOTC Contravention of IOTC Resolution 07/02,2009 - ,IOTC Contravention of IOTC Resolution 07/02,,,,,,,,,,,,,,,,,,,2014-05 - ,,,,2019 - ,Cross-listing
True,"HAI DA 705, HAIDA 705, 海达705",HAI DA 705,,,Fishing Vessel,Driftnets,,,,,,,,,,,,,2019-12 - ,Cross-listing,,,,,,,,,,,,,,,,,,,,,,,2017-07 - ,,2019 - ,Cross-listing
True,HALELUYA,,,,Fishing Vessel,Longline,Tanzania,5IM615,,80.000,,26.000,2001,,Taiwan,,,,2021-06-14 - ,Cross-listing,2020 - ,"EU : suspects this vessel, without nationality, may be engaging in fishing activities in ICCAT Convention Area. Believed by Environmental Justice Foundation (EJF) to be flagged or previously flagged to Tanzania (See Doc. COC-312/2020)",,,,,,,,,,,,,,,,,2021-03-25 - ,Cross-listing,,,,,2021-04-05 - ,Cross-listing
True,HEAVY SEA,Heavy Sea,7322926,34304PEXT4,Fishing Vessel,,,3ENF8,,"599.000, 2212.000",492,55.300,197306,3.890,"Shizuoka, Shizuoka, Kanasashi Heavy Industries Co Ltd (Shimizu, Shizuoka , Japan), Japan",Barroso Fish SA,Barroso Fish SA,In Service/commission,2019-12 - ,Cross-listing,2019 - ,Cross-listing,,,,,2004-11-05 - ,Inside Division 58.5.1; 58.5.1,2007-10-31 - ,,,,,,,,,,,,2014-05 - ,,,,2019 - ,Cross-listing
False,HIROYOSHI - 17,Hiroyoshi 17,8565836,15.19.0001.02.44375,"Fishing Vessel, Reefer",Longline,Indonesia,"YEA5548, YB5548",525500291,171.000,,33.570,199903,2.700,Indonesia,,"INTIMAS SURYA, PT.",In Service/Commission,,,2011-08-30 - 2012-06-21,,2005-12-26 - 2012-06-21,,,,,,,,,,,,,,,,,,,,,,,
True,HOOM XIANG 101,Hoom Xiang 101,,,Fishing Vessel,Longline,Unknown,,,,,23.500,,,,Unknown,,,2014-06-05 - ,Operating in the IOTC area without authorisation,2015-10-02 - ,Following IOTC,,,,,,,,,,,,,,,,,,,,,,,2020 - ,Cross-listing
True,HOOM XIANG 103,Hoom Xiang 103,,,Fishing Vessel,Longline,Unknown,,,,,24.200,,,,Unknown,,,2014-06-05 - ,Operating in the IOTC area without authorisation,2015-10-02 - ,Following IOTC,,,,,,,,,,,,,,,,,,,,,,,2020 - ,Cross-listing
True,HOOM XIANG 105,Hoom Xiang 105,,,Fishing Vessel,Longline,Unknown,,,,,25.800,,,,Unknown,,,2014-06-12 - ,Operating in the IOTC area without authorisation,2015-10-02 - ,Following IOTC,,,,,,,,,,,,,,,,,,,,,,,2020 - ,Cross-listing
True,HOOM XIANG 11,Hoom Xiang 11,,,Fishing Vessel,Longline,Unknown,,,,,27.100,,,,,,,2010-03-05 - ,Contravention of IOTC Resolution 09/03,2011-08-30 - ,,,,,,,,,,,,,,,,,,,,2014-05 - ,,,,2019 - ,Cross-listing
False,HSIN CHI WANG NO. 8,Hsin Chi Wang No. 8,8994300,,Fishing Vessel,,Unknown,,,125.000,,29.700,200112,2.150,"Xinyuan, Jin Jiahn Lih Shipbuilding Co., Ltd., Chinese Taipei",Rptd Sold Undisclosed Interest,Rptd Sold Undisclosed Interest,In Service/commission,,,,,2005-12-26 - 2006-06-30,,,,,,,,,,,,,,,,,,,,,,,
False,HSIN TSAN NO. 2,Hsin Tsan No. 2,,,,,Belize,V3VK8,,98.000,,25.500,2002,2.120,Chien Renn Shipbuilding Co. Ltd,,,Sunk,,,,,2005-12-26 - 2006-06-30,,,,,,,,,,,,,,,,,,,,,,,
False,HUNG CHI FU,Talamanca,2597590,,Fishing Vessel,Longline,,,,80.000,,27.600,200004,2.000,"Chinese Taipei, Chien Renn Shipbuilding Co. Ltd","Transportes El Pescador, S.A.","Transportes El Pescador, S.A.",In Service/Commission,,,,,2005-12-26 - 2006-06-30,,,,,,,,,,,,,,,,,,,,,,,
False,HUNG CHI FU 12,Yuh Shan,,,,,Unknown,,,80.000,,26.100,2002,1.900,Chien Renn Shipbuilding Co. Ltd,,"Yuh Shan Fishery Co., Ltd",,,,,,2005-12-26 - 2006-06-30,,,,,,,,,,,,,,,,,,,,,,,
False,HUNG CHI FU 3,Yu Long 27,,,,,Unknown,,,55.000,,22.100,2002,1.700,"Jin Jiahn Lih Shipbuilding Co., Ltd.",,Pesca Tuna SA,,,,,,2005-12-26 - 2006-06-30,,,,,,,,,,,,,,,,,,,,,,,
False,"HUNG CHI FU 33, HUNG CHI FU NO. 33",Yu Long 68,2699843,,Fishing Vessel,Longline,,,,"95.000, 95.760",,22.800,199909,3.500,"Tecnonaval SA, Costa Rica, Tecnonaval S.A.",Pesca Tuna SA,Pesca Tuna SA,In Service/Commission,,,,,2005-12-26 - 2006-06-30,,,,,,,,,,,,,,,,,,,,,,,
False,HUNG CHI FU 35,Reymar No. 1,,,Fishing Vessel,Longline,Costa Rica,,,99.000,,29.300,2001,2.000,Chien Renn Shipbuilding Co. Ltd,Hung Chuan Wang Shih / Astilleros Mariscos del Pacifico SA,,,,,,,2005-12-26 - 2006-06-30,,,,,,,,,,,,,,,,,,,,,,,
False,HUNG CHI FU 68,Reymar No. 2,,,Fishing Vessel,Longline,Thailand,HSN5658,567000445,98.000,,"30.900, 30.300",2002,2.100,Chien Renn Shipbuilding Co. Ltd,Shealth Services (Thailand) Co Ltd,Shealth Services (Thailand) Co Ltd,,,,,,2005-12-26 - 2006-06-30,,,,,,,,,,,,,,,,,,,,,,,
False,HUNG CHI FU NO. 16,Yu Long No. 21,,,,,Belize,V3WC7,,55.000,,22.100,2002,1.700,"Jin Jiahn Lih Shipbuilding Co., Ltd.",,Pesca Tuna SA,,,,,,2005-12-26 - 2006-06-30,,,,,,,,,,,,,,,,,,,,,,,
False,HUNG CHI FU NO. 27,Yu Long 37,2700642,,Fishing Vessel,Longline,,,,55.000,,18.300,200205,1.700,"Chinese Taipei, Jin Jiahn Lih Shipbuilding Co., Ltd.",Pesca Tuna SA,Pesca Tuna SA,In Service/Commission,,,,,2005-12-26 - 2006-06-30,,,,,,,,,,,,,,,,,,,,,,,
False,HUNG JIE WEI NO. 2,Conchita VIII,,,,,Unknown,,,79.000,,27.800,2002,2.000,Shing Sheng Fa Boatbuilding Co. Ltd,,,,,,,,2005-12-26 - 2006-06-30,,,,,,,,,,,,,,,,,,,,,,,
True,IANNIS I,Iannis I,7332218,3035304,"Fishing Vessel, Trawler",Trawl unspecified,Unknown,HO3374,,320.000,,37.390,197409,3.920,"El Astillero, Ast. de Santander S.A. - Santander Yard/hull No.: 84, Spain",Iannis Corp,Iannis Corp,Total Loss,2019-12 - ,Cross-listing,2020 - ,Cross-listing,,,,,,,2007-10-31 - ,,,,2004-04-04 - ,040404 In port in Spain. Inspection: No Regulated Resources onboard. 210504 OBS by EU fishing in the NEAFC Regulatory Area,2007-02-18 - ,,,,,,2014-05 - ,,,,2019 - ,Cross-listing
True,IMULA 0730 KLT/LAKPRIYA 14,,,,Fishing Vessel,,Sri Lanka,4SF4482,,,,,,,,,,,2021-06-09 - ,Unmarked gear; Not on the IOTC authorised fishing vessel list (15/04 para 1),,,,,,,,,,,,,,,,,,,,,,,,,,
True,IMULA 0846 KLT/GOD BLESS,,,,Fishing Vessel,,Sri Lanka,,,,,,,,,,,,2021-06-09 - ,Unmarked gear in water; Not on AFV list; believed to have been fishing in BIOT waters for 10 days.,,,,,,,,,,,,,,,,,,,,,,,,,,
True,IMUL-A-1028-TLE/DEWLI FISHING KUDAWELLA,,,,Fishing Vessel,,Sri Lanka,,,,,,,,,,,,2021-06-09 - ,Not on IOTC AFV list.,,,,,,,,,,,,,,,,,,,,,,,,,,
False,IN SUNG NO. 7,East Ocean,9230660,0912001-6261107,Fishing Vessel,,South Korea,DTBX4,,647.000,,54.550,200102,3.650,"Kaohsiung, Lien Cherng Shipbuilding Co., Ltd. (Kaohsiung , China, Republic Of (Taiwan)), Chinese Taipei",Insung Corporation,Insung Corporation,Broken Up,,,,,,,,,2004-11-05 - 2008-11-07,Fishing inside Division 58.4.3; 58.4.1; 58.4.3b; 58.4.3b; Inside division 58.4.3b,2007-10-31 - 2008-10-07,,,,,,,,,,,,,,,,,
True,IND-TN-15-MM8297/ARARAT/RESHMITHA,,,,Fishing Vessel,,India,,,,,,,,,,,,2021-06-09 - ,Vessel was not on the IOTC list of Authorised Fishing Vessels. The vessel had not submitted a transit reporting form to the BIOT Authorities. The vessel had gear (longlines) in the water.,,,,,,,,,,,,,,,,,,,,,,,,,,
False,ISABELLA,Isabella,8422838,M-01038,"Fishing Vessel, Stern Trawler",Trawl unspecified,,,,1898.000,690,62.260,198409,9.220,"Stralsund, VEB Volkswerft Stralsund - Stralsund Yard/hull No.: 654, German Democratic Republic",A B Bocyp Fishing Ltd,Northern Fishers Co (OOO 'Severnaya Rybolovetskaya Kompaniya'),Broken Up,,,,,,,,,,,2007-10-31 - 2009-11-13,,,,2002-04-18 - 2009-11-13,,2006-09-22 - 2009-11-13,"NAFO Div. 1F, 31.07.2006",,,,,,,,,,
True,ITZIAR II,Itziar II,6803961,,"Fishing Vessel, Trawler",Trawl unspecified,,5NTV3,,631.000,587,58.980,196800,4.750,"Trieste, Alto Adriatico S.P.A., Cantieri Dell' (Trieste , Italy), Italy",Monteco Shipping Corp,Monteco Shipping Corp,Total Loss,,,,,,,,,2003-11-07 - 2017,Inside Division 58.5.1; Fishing inside Division 58.5.1; Inside Division 58.4.3b; 58.4.3b; 58.4.3b; 58.4.3b; Fishing inside Division 58.4.3,2007-10-31 - 2019,,,,,,,,,,,,2014-05 - 2018,,,,,
False,JIMMY WIJAYA XXXV,Jimmy Wijaya XXXV,,115 No.937/Bc,Fishing Vessel,Longline,Indonesia,YE4683,,115.000,,25.680,,,,Farida,Farida,,,,2011-08-30 - 2012,,2005-12-26 - 2012,,,,,,,,,,,,,,,,,,,,,,,
False,JIN SHYANG YIH 668,Jin Shyang Yih 666,,58 00 0147 1,Fishing Vessel,Longline,,HSN6022,,99.000,,"25.520, 29.300",2001,,Chien Renn Shipbuilding Co Ltd,"JIN SHYANG YIH FISHERY CO.,LTD.","JIN SHYANG YIH FISHERY CO.,LTD.",,,,,,2005-12-26 - 2006-06-30,,,,,,,,,,,,,,,,,,,,,,,
False,JINN FENG TSAIR NO. 1,Jinn Feng Tsair No. 1,,CT4-2444,Fishing Vessel,Longline,Taiwan,BJ4444,,54.820,,22.000,1995,1.720,Chinese Taipei,"JHENG, ZONG-SIN",,,,,,,,,2007-12-07 - 2013-02-06,"Fishing in the Exclusive Economic Zone of the Federated States of Micronesia without permission and in contravention of Federated States of Micronesia’s laws and regulations. (CMM 2007-03, para 3b)",,,,,,,,,,,,,,,,,,,,
True,JINZHANG,JINZHANG,6607666,,"Fishing Vessel, Trawler",Trawl unspecified,Equatorial Guinea,3CAF,631720000,866.000,1145,49.000,196600,4.810,"Vigo, Barreras S.A., Hijos De J., Spain",Rptd Sold Undisclosed Interest,,In Service/commission,2019-12 - ,Cross-listing,2019 - ,Cross-listing,,,,,2006-11-03 - ,Fishing inside Division 58.4.3b; 58.4.3b; 58.4.2; 58.4.3b,2007-10-31 - ,,,,2014-06-17 - ,Fishing inside Division A (SEAFO) 2012,,,,,,,2014-05 - ,,,,2019 - ,Cross-listing
False,JOSELITO,Mar Cantabrico,8212415,P-04-00996,Fishing Vessel,Purse seine,Ecuador,HC5759,735059351,304.000,341,31.530,198208,4.530,"Seattle, WA, United States Of America, Marco Marine",,Grupo Degfer Cia Ltda,In Service/commission,,,2011-08-30 - 2012-06-21,,2011-07-01 - 2012-06-21,Fished during a closure in 2010,,,,,,,,,,,,,,,,,,,,,,
False,JUANITA,Juanita,8522042,M-01035,"Fishing Vessel, Stern Trawler",Trawl unspecified,Cyprus,4LSM,,1898.000,690,62.260,198503,9.220,"Stralsund, Volkswerft Stralsund - Stralsund Yard/hull No.: 670, German Democratic Republic",A B Bocyp Fishing Ltd,Northern Fishers Co (OOO 'Severnaya Rybolovetskaya Kompaniya'),Broken Up,,,,,,,,,,,2007-10-31 - 2009-11-13,,,,2004-10-04 - 2009-11-13,,2006-09-22 - 2009-11-13,NAFO Div. 1F,,,,,,,,,,
True,JYI LIH 88,Jyi Lih 88,,,,,,,,,,,,,,,,,2019-12 - ,Cross-listing,2013-08-20 - ,From IATTC,2005-12-26 - ,,,,,,,,,,,,,,,,,,2014-05 - ,,,,2019 - ,Cross-listing
False,KABOU,Red,6706084,35400LP,"Fishing Vessel, Stern Trawler",Trawl unspecified,Unknown,,,1490.000,1330,74.000,196700,7.400,"Vigo, Hijos de J. Barreras S.A. - Vigo Yard/hull No.: 1355, Spain",Star Maritime Corp,"Empresa de Pesca Joao Maria Vilarinho, Sucessores, Sarl",Broken Up,,,,,,,,,,,2007-10-31 - 2012-11-14,,,,2006-07-21 - 2012-11-14,Surveillance flight. First observation by NOR FIS in RA SCH 06/34,2007-02-18 - 2012-11-14,,,,,,,,,,,
True,KIM SENG DENG 3,Kim Seng Deng 3,,,,,Bolivia,,,,,,,,,,,,2015-05-01 - ,Operating in the IOTC area without authorisation,2015-10-02 - ,Following IOTC,,,,,,,,,,,,,,,,,,,,,,,2020 - ,Cross-listing
False,KING JESUS,KING JESUS,,,Fishing Vessel,Lines unspecified,India,,,,,,,,,,Bibi S. R. Paul Miranda S.,,2017-05 - 2018-12-14,Fishing without a license in the waters of the UK (OT),2017-07-15 - 2019,Following IOTC,,,,,,,,,,,,,,,,,,,,,,,,
True,"KM. ANEKA 228, ANEKA 228; KM",KM. Aneka 228,,,,,,,,,,,,,,,,,2015-05-01 - ,Operating in the IOTC area without authorisation,2015-10-02 - ,Following IOTC,,,,,,,,,,,,,,,,,,,,,,,,
True,KOOSHA 4,Koosha 4,7905443,,Reefer,,Iran,9BQK,422734000,2359.000,2536,87.760,198005,7.420,"Bilbao, Spain",Pars Paya Seyd Industrial Fishing Co,Pars Paya Seyd Industrial Fishing Co,In Service/commission,2019-12 - ,Cross-listing,2019 - ,Cross-listing,,,,,2011-11-01 - ,Inside Division 58.5.1 January and February 2011,2011-11-01 - ,follows CCAMLR,,,,,,,,,,,2014-05 - ,,,,2019 - ,Cross-listing
True,KUANG HSING 127,Kuang Hsing 127,,,,,,,,,,,,,,,,,2015-05-01 - ,Operating in the IOTC area without authorisation,2015-10-02 - ,Following IOTC,,,,,,,,,,,,,,,,,,,,,,,2020 - ,Cross-listing
True,KUANG HSING 196,Kuang Hsing 196,,,,,,,,,,,,,,,,,2015-05-01 - ,Operating in the IOTC area without authorisation,2015-10-02 - ,Following IOTC,,,,,,,,,,,,,,,,,,,,,,,2020 - ,Cross-listing
True,LABIKO 2,LABIKO,7325746,,"Fishing Vessel, Stern Trawler","Gillnets, Longline",Liberia,3XGU,,582.000,411,54.260,197300,,"Gdynia, A1973 Stocznia im Komuny Paryskiej - Gdynia Yard/hull No.: B423/16, Poland",Diakhate Djibnil; Diakhate Djibril,Rptd Sold Undisclosed Interest,In Service/commission,2019-12 - ,Cross-listing,2020 - ,Cross-listing,,,,,,,2007-10-31 - ,,,,2007-10-29 - ,,2008-08-04 - ,,,,,,2014-05 - ,,,,2019 - ,Cross-listing
False,LE MALIN,Apache I,9142693,,Diving Support Vessel,,France,,,1146.000,620,49.990,199701,7.500,"Gdansk, West Contractors AS - Olensvaag Yard/hull No.: B12, Poland",Marine Nationale - Direction des Travaux Maritimes,Marine Nationale - Direction des Travaux Maritimes,In Service/commission,,,,,,,,,2004-11-05 - 2007-11-02,Fishing Division 58.5.1 Apprehended,2007-10-31 - 2007-11-02,,,,,,,,,,,,,,,,,
True,LIAO YUAN YU 071,,,,Fishing Vessel,Lift nets,,,,,,,,,,,,,2019-12 - ,Cross-listing,,,,,,,,,,,,,,,,,,,,,,,2017-07 - ,,2019 - ,Cross-listing
True,LIAO YUAN YU 072,,,,Fishing Vessel,Lift nets,,,,,,,,,,,,,2019-12 - ,Cross-listing,,,,,,,,,,,,,,,,,,,,,,,2017-07 - ,,2019 - ,Cross-listing
True,LIAO YUAN YU 9,,,,Fishing Vessel,Lift nets,,,,,,,,,,,,,2019-12 - ,Cross-listing,,,,,,,,,,,,,,,,,,,,,,,2017-07 - ,,2019 - ,Cross-listing
True,LILA NO. 10,Lila No. 10,,,,,Panama,,,,,,,,,,,,2019-12 - ,Cross-listing,2006-11-26 - ,Vessels greater than 24m not included in ICCAT Record of Vessels. Seen fishing in the MED during closed season,,,,,,,,,,,,,,,,,,,2017-05 - ,,,,2019 - ,Cross-listing
True,LIMPOPO,Limpopo,7388267,,"Fishing Vessel, Trawler",Trawl unspecified,Unknown,,,555.000,,51.000,"1975, 1075, 197412",6.150,"Vigo, Santodomingo S.A., Construcciones Navale (Vigo , Spain), Spain",Alos Company Ghana Ltd,,In Service/commission,2019-12 - ,Cross-listing,2019 - ,Cross-listing,,,,,2003-11-07 - ,Inside Division 58.4.3b; Fishing inside Division 58.4.3b: 58.4.3b; Inside Division 58.5.1; Fishing inside Division 58.5.2,2007-10-31 - ,,,,,,,,,,,,2014-05 - ,,,,2019 - ,Cross-listing
False,LINGSAR 08,Lingsar 08,,,Fishing Vessel,Longline,Indonesia,,,72.000,,19.720,,1.800,,Mr Nurwahid,,,2010-03-05 - 2011-03-22,Contravention of IOTC Resolution 09/03,,,,,,,,,,,,,,,,,,,,,,,,,,
False,LIVADIA,Thorgull,8209078,086,Reefer,,Slovakia,,,6127.000,6325,145.580,198302,10.520,"Takamatsu, Kagawa, Group, Japan",Red Ruby Trading Ltd,Seatraffic Ltd,Broken Up,,,,,,,,,,,2007-10-31 - 2007-12-21,,,,2006-10-24 - 2007-11-16,,2007-02-18 - 2007-12-21,,,,,,,,,,,
False,LONG YU SHENG,Long Yu Sheng,,,,,Costa Rica,V3ZW2,,125.000,,26.000,,2.700,Tecnonaval S.A.,,Pesca Tuna SA,,,,,,2005-12-26 - 2006-06-30,,,,,,,,,,,,,,,,,,,,,,,
True,"LU RONG SHUI 158, 鲁荣水158",LU RONG SHUI 158 (鲁荣水158),9025663,,"Live fish carrier, Reefer",,China,BBFB8,412688540,173.000,,36.800,199610,3.200,"Rongcheng, Shandong, China, People's Republic Of",Rongcheng Xinlong Aquatic Pruducts Co Ltd,Rongcheng Xinlong Aquatic Pruducts Co Ltd,In Service/commission,2021-06-09 - ,Cross-listing,,,,,,,,,,,,,,,,,,,,,,,2019 - ,,2020 - ,Cross-listing
True,LU RONG YU 1189,,,,Fish carrier,,,,,,,,,,,,,,2019-12 - ,Cross-listing,,,,,,,,,,,,,,,,,,,,,,,2017-07 - ,,2019 - ,Cross-listing
True,LU RONG YU 612,,,,,,China,,412328746,651.000,,,,,,,,,2019-12 - ,Cross-listing,,,,,,,,,,,,,,,,,,,,,,,2018-11-17 - ,,2019 - ,Cross-listing
True,LU RONG YUAN YU 101,,,,Fishing Vessel,Trawl unspecified,China,,,800.000,,,,,,,,,2019-12 - ,Cross-listing,,,,,,,,,,,,,,,,,,,,,,,2018-01 - ,,2019 - ,Cross-listing
True,LU RONG YUAN YU 101,,,,Fishing Vessel,Lift nets,China,,,800.000,,,,,,,,,2019-12 - ,Cross-listing,,,,,,,,,,,,,,,,,,,,,,,2018-01 - ,,2019 - ,Cross-listing
True,LU RONG YUAN YU 102,,,,Fishing Vessel,Lift nets,China,,,800.000,,,,,,,,,2019-12 - ,Cross-listing,,,,,,,,,,,,,,,,,,,,,,,2018-01 - ,,2019 - ,Cross-listing
True,LU RONG YUAN YU 102,,,,Fishing Vessel,Trawl unspecified,China,,,800.000,,,,,,,,,2019-12 - ,Cross-listing,,,,,,,,,,,,,,,,,,,,,,,2018-01 - ,,2019 - ,Cross-listing
True,LU RONG YUAN YU 103,,,,Fishing Vessel,Trawl unspecified,China,,,651.000,,,,,,,,,2019-12 - ,Cross-listing,,,,,,,,,,,,,,,,,,,,,,,2018-01 - ,,2019 - ,Cross-listing
True,LU RONG YUAN YU 103,,,,Fishing Vessel,Lift nets,China,,,651.000,,,,,,,,,2019-12 - ,Cross-listing,,,,,,,,,,,,,,,,,,,,,,,2018-01 - ,,2019 - ,Cross-listing
True,LU RONG YUAN YU 105,,,,Fishing Vessel,Trawl unspecified,China,,,651.000,,,,,,,,,2019-12 - ,Cross-listing,,,,,,,,,,,,,,,,,,,,,,,2018-01 - ,,2019 - ,Cross-listing
True,LU RONG YUAN YU 105,,,,Fishing Vessel,Lift nets,China,,,651.000,,,,,,,,,2019-12 - ,Cross-listing,,,,,,,,,,,,,,,,,,,,,,,2018-01 - ,,2019 - ,Cross-listing
True,LU RONG YUAN YU 106,,,,Fishing Vessel,Lift nets,China,,,651.000,,,,,,,,,2019-12 - ,Cross-listing,,,,,,,,,,,,,,,,,,,,,,,2018-01 - ,,2019 - ,Cross-listing
True,LU RONG YUAN YU 106,,,,Fishing Vessel,Trawl unspecified,China,,,651.000,,,,,,,,,2019-12 - ,Cross-listing,,,,,,,,,,,,,,,,,,,,,,,2018-01 - ,,2019 - ,Cross-listing
True,LU RONG YUAN YU 108,,,,Fishing Vessel,Lift nets,China,,,651.000,,,,,,,,,2019-12 - ,Cross-listing,,,,,,,,,,,,,,,,,,,,,,,2018-01 - ,,2019 - ,Cross-listing
True,LU RONG YUAN YU 108,,,,Fishing Vessel,Trawl unspecified,China,,,651.000,,,,,,,,,2019-12 - ,Cross-listing,,,,,,,,,,,,,,,,,,,,,,,2018-01 - ,,2019 - ,Cross-listing
True,LU RONG YUAN YU 109,,,,Fishing Vessel,Lift nets,China,,,651.000,,,,,,,,,2019-12 - ,Cross-listing,,,,,,,,,,,,,,,,,,,,,,,2018-01 - ,,2019 - ,Cross-listing
True,LU RONG YUAN YU 109,,,,Fishing Vessel,Trawl unspecified,China,,,651.000,,,,,,,,,2019-12 - ,Cross-listing,,,,,,,,,,,,,,,,,,,,,,,2018-01 - ,,2019 - ,Cross-listing
True,LU RONG YUAN YU 787,,,,Fishing Vessel,,China,,413800814,,,,,,,Shidao Group,,,2019-12 - ,Cross-listing,,,,,,,,,,,,,,,,,,,,,,,2018-11-17 - ,,2019 - ,Cross-listing
True,LU RONG YUAN YU 797,,,,Fishing Vessel,,China,,412327980,,,,,,,Shidao Group,,,2019-12 - ,Cross-listing,,,,,,,,,,,,,,,,,,,,,,,2018-11-17 - ,,2019 - ,Cross-listing
True,LU RONG YUAN YU YUN 958,,,,Fish carrier,,China,,412452812,,,,,,,,,,2019-12 - ,Cross-listing,,,,,,,,,,,,,,,,,,,,,,,2018-11-17 - ,,2019 - ,Cross-listing
True,MAAN YIH HSING,Maan Yih Hsing,,,,,,,,,,,,,,,,,2015-05-01 - ,Operating in the IOTC area without authorisation,2015-10-02 - ,Following IOTC,,,,,,,,,,,,,,,,,,,,,,,2020 - ,Cross-listing
True,MADURA 2,Madura 2,,,,,Indonesia,,,,,,,,,P.T. Provisit,P.T. Provisit,,2019-12 - ,Cross-listing,2004-11-21 - ,Operating unauthorised in the ICCAT area,,,,,,,,,,,,,,,,,,,2014-05 - ,,,,2019 - ,Cross-listing
True,MADURA 3,Madura 3,,,,,Indonesia,,,,,,,,,P.T. Provisit,P.T. Provisit,,2019-12 - ,Cross-listing,2004-11-21 - ,Operating in the ICCAT area without authorisation,,,,,,,,,,,,,,,,,,,2014-05 - ,,,,2019 - ,Cross-listing
False,MANARA 1,Cevahir,,,,,,,,138.000,,24.900,,,,AJD Tuna Limited; Hannibal Shipping / ADJ Tuna,J.L. Jalabert,,,,2008-11-24 - 2012-01-01,Use of fraudulent documentation,,,,,,,,,,,,,,,,,,,,,,,,
False,MANARA II,Abdi Baba 1,,,Fishing Vessel,Purse seine,Libya,,,,,,,,,Hannibal Shipping / ADJ Tuna,J.L. Jalabert,,,,2008-11-24 - 2012-01-01,Use of fraudulent documentation,,,,,,,,,,,,,,,,,,,,,,,,
True,MARIA,Maria,,,,,Sierra Leone,FN003882,,,,,,,,MARIA FISHERY CO.LTD,,,2019-12 - ,Cross-listing,2006-11-26 - ,"vessels had no VMS, suspected of having no tuna licence and of possible at-sea transhipments",,,,,,,,,,,,,,,,,,,2014-05 - ,,,,2019 - ,
True,"MARIO NO.11, MARIO 11",,8529533,DAK1273,Fishing Vessel,Longline,Senegal,6WMR,663212000,"93.000, 98.000",,23.800,200200,2.000,Chinese Taipei,,,In Service/Commission,2021-06-09 - ,Cross-listing,2020 - ,USA: the U.S. Coast Guard observed approximately 250 shark fins strung from lines throughout the vessel’s decks. (former ICCAT Register Number: AT000SEN00031 delisted on 9 Feb 2016)),,,,,,,,,,,,,,,,,2021-03-25 - ,Cross-listing,,,,,2020 - ,Cross-listing
False,MARTA LUCIA R,Marta Lucia R.,9330214,MC-05-573,Fishing Vessel,Purse seine,Colombia,HJCV,730014000,1771.000,2332,78.334,200402,8.055,"Iquique, Astilleros Marco Chilena Ltda, Chile, Astilleros Marco Chilena Limitada",,Atunamar Ltda,In Service/commission,,,2011-08-30 - 2013-08-04,,2005-12-26 - 2012,,,,,,,,,,,,,,,,,,,,,,,
True,MARWAN I,AL WESAM 4,,,Fishing Vessel,Trawls,,,,332.000,,39.500,,4.800,,Marine Renown SARL,,,2018-05 - ,Contravention of IOTC Resolution 17/03,2018-06-06 - ,Cross-listing,,,,,,,,,,,,,,,,,,,,,,,2020 - ,Cross-listing
False,"MARY LYNN, MARY-LYNN",Mary Lynn,8949044,"P-04_00909, P-04-00909",Fishing Vessel,Purse seine,Ecuador,HC5290,735058984,"317.000, 235.000",,33.460,199800,3.940,"Puerto Penasco, Cabrales, Mexico",Industrias de Productos del Mar S.A. (IDELMAR),Rodrigo Agudo Valle,In Service/commission,,,,,2006-06-30 - 2008-06-27,,,,,,,,,,,,,,,,,,,,,,,
False,MAYA V,Maya V,8882818,,Fishing Vessel,,Unknown,HP8357,,859.000,,54.850,198800,3.850,"Kaohsiung, Fong Kuo Shipbuilding Co., Ltd., Chinese Taipei",Rptd Sold Undisclosed Interest,Rptd Sold Undisclosed Interest,In Service/commission,,,,,,,,,2004-11-05 - 2008-11-07,Fishing inside Division 58.5.2 Apprehended,2007-10-31 - 2008-11-07,,,,,,,,,,,,,,,,,
False,MERIDIAN NO. 8,South Ocean,9230646,0912002-6261106,Fishing Vessel,"Longline, Otter trawl",South Korea,DTBX5,441667000,647.000,,54.550,200012,3.650,"Lien Cherng Shipbuilding Co., Ltd, Kaohsiung, Taiwan",Insung Corporation,Insung Corporation,In Service/commission,,,,,,,,,2004-11-05 - 2008-11-07,Fishing inside Division 58.4.3; 58.4.3b; 58.4.3b; Inside Division 58.4.3b; Fishing inside Division 58.4.3b,2007-10-31 - 2008-11-07,,,,,,,,,,,,,,,,,
False,MING TSAIR FA NO. 60,Feng Jung Chin 1,8787276,"CT4-1356, 010595",Fishing Vessel,Longline,Taiwan,BJ3356,416002232,99.000,,26.600,198711,2.100,Chinese Taipei,"TSENG, SHU FEN; Shu-Fen Tseng","TSENG, SHU FEN; Shu-Fen Tseng",In Service/Commission,2005-06-03 - 2008-06-11,Contravention of IOTC Resolution 02/04,,,,,,,,,,,,,,,,,,,,,,,,,,
False,MURAVYEV-AMURSKIY,Muravyev Amurskiy,9146352,960230,Fishing Vessel,,Russia,UESA,273319630,1146.000,494,49.990,199704,7.500,"Gdansk, Polnocna Sa, Stocznia, Poland",OOO 'Tymlatskiy Rybokombinat',OOO 'Tymlatskiy Rybokombinat',In Service/commission,,,,,,,,,2005-11-04 - 2006-11-03,,,,,,,,,,,,,,,,,,,
True,MURTOSA,Murtosa,7385174,,"Fishing Vessel, Stern Trawler",Trawl unspecified,Unknown,5VMAO,,1066.000,593,61.420,197606,7.070,"Viana do Castelo, Estaleiros Navais de Viana do Castelo, Portugal, Portugal",Murtosa Fishing Co,Murtosa Fishing Co,To Be Broken Up,2019-12 - ,Cross-listing,2020 - ,Cross-listing,,,,,,,2007-10-31 - ,,,,2005-11-15 - ,"In port in Aveiro, Portugal. Port Inspection: No Regulated Resources on board",2007-02-18 - ,,,,,,2014-05 - ,,,,2019 - ,Cross-listing
False,MUTIARA NO. 28,Mutiara 28,8669723,101 No.1102/Pd,Fishing Vessel,Longline,Unknown,,,101.000,,27.020,200001,2.000,Chinese Taipei,"INTIMAS SURYA, PT.",,In Service/Commission,,,,,2005-12-26 - 2011-07-01,,,,,,,,,,,,,,,,,,,,,,,
False,NAKHODKA,MYS MARII,9009918,"FS1-565, СГ-0165",Fishing Vessel,Longline,Russia,UIBA,273338570,752.000,"458, 317",54.550,199008,3.800,"Niigata, Niigata, Niigata Engineering Co Ltd, Japan","Tranzit-DV Group OOO; Transit-DV Co Ltd, LLC Transit DV","Tranzit-DV Group OOO; Transit-DV Co Ltd, LLC Transit DV",In Service/commission,,,,,,,,,,,,,,,,,,,2016-01 - 2020-02-14,Fishing in the Convention Area without authorisation,,,,,,,2019 - 2020,Cross-listing
False,NATIONAL NO. 101,National No. 101,,,,,St. Vincent and the Grenadines,,,,,,,,,Kwo-Jeng Marine Services Limited,,,,,2004-11-21 - 2006-11-26,,,,,,,,,,,,,,,,,,,,,,,,,
False,NEMANSKIY,Nemanskiy,8721595,,"Fishing Vessel, Stern Trawler",Trawl unspecified,Unknown,UBKQ,,747.000,414,54.820,198709,5.000,"Kiyev, Zavod ""Leninskaya Kuznitsa"" - Kiyev Yard/hull No.: 1584, U.S.S.R.",OOO 'Yuzhnyy Rybopromyslovyy Flot',Pionerskiy Ocean Fishing Marine Center (Pionerskaya Baza Okeanicheskogo Rybolovnogo Flota (BORF)),Total Loss,,,,,,,,,,,2007-12-21 - 2011,,,,2007-12-21 - 2010-11-12,,2008-08-04 - 2010-11-12,,,,,,,,,,,
True,NEPTUNE,Neptune,8977596,,"Fishing Vessel, Trawler",Trawl unspecified,Unknown,,,575.000,,44.000,198000,3.650,Japan,Space Energy Enterprises Co Ltd,Space Energy Enterprises Co Ltd,In Service/commission,2019-12 - ,Cross-listing,2011-08-30 - ,,2011 - ,Not authorized to fish,2010-12-10 - ,Fishing on the high seas of the WCPFC Convention Area without being on the WCPFC Record of Fishing Vessels (CMM 2007-03-para 3a),,,,,,,,,,,,,,,2014-05 - ,,,,2019 - ,Cross-listing
True,NEW BAI I NO. 168,NEW BAI I NO. 168,,81310,Fish carrier,,,YGMY,,505.000,,49.300,1973,,"Miho Shipyard, Akasaka, Japan",,,,2019-12 - ,Cross-listing,2016-11-19 - ,,,,,,,,,,,,,,,,,,,,2018 - ,,,,2019 - ,Cross-listing
False,NICOLAY CHUDOTVORETS,Nicolay Chudotvorets,8421937,,"Fishing Vessel, Stern Trawler",Trawl unspecified,Russia,UDIB,,1898.000,690,62.260,198405,9.220,"Stralsund, VEB Volkswerft Stralsund - Stralsund Yard/hull No.: 641, German Democratic Republic",Okkervil LLC,Okkervil LLC,Broken Up,,,,,,,,,,,2007-10-31 - 2009-11-11,,,,2006-04-29 - 2009-11-13,OBS by FRO FIS in RA,2007-02-18 - 2009-11-13,,,,,,,,,,,
True,NIKA,,8808654,,"Fishing Vessel, Reefer",,,,,"588.000, 600.000",471,54.010,198803,3.760,"Tongyeong, Korea, South",Jiho Shipping Co Ltd; Marine Fisheries Corporation Co Ltd,Marine Fisheries Corporation Co Ltd,,2021-04-05 - ,Cross-listing,,,,,,,2020-10-30 - ,Fishing without authorisation (08 Jun 2019),,,,,,,,,,,2020-12-14 - ,Cross-listing,,,,,2020 - ,Cross-listing
False,NORTH OCEAN,North Ocean,9230658,,Fishing Vessel,,China,BZZW5,,647.000,,54.550,200012,3.650,"Kaohsiung, Lien Cherng Shipbuilding Co., Ltd. (Kaohsiung , China, Republic Of (Taiwan)), Chinese Taipei",China National Fisheries Corporation,China National Fisheries Corporation,In Service/commission,,,,,,,,,2005-11-04 - 2011-11-15,,2007-10-31 - 2011-11-15,"Fishing inside Division 58.4.3b 2524 Jan 07 Feb 05, 22 Nov 06, Fishing inside Division 58.4.1 10 Dec 05",,,,,,,,,,,,,,,,
True,NORTHERN WARRIOR,Northern Warrior,8808903,,"Fishing Vessel, Stern Trawler",Trawl unspecified,Angola,,,676.000,330,39.700,199000,4.000,"Tonnay-Charente, IMC - Tonnay-Charente, France","Orkiz Agro-Pecuaria, Pescas, Transportes E Comercio Geral, Limitada","Orkiz Agro-Pecuaria, Pescas, Transportes E Comercio Geral, Limitada",In Service/commission,2019-12 - ,Cross-listing,2019 - ,Cross-listing,,,,,2016-10-28 - ,Supporting IUU listed vessels,2016 - ,From CCAMLR,,,,,,,,,,,,,,,2019 - ,Cross-listing
True,NPFC 34 - Unknown ,,,,Fishing Vessel,,,,,,,,,,,,,,,,,,,,,,,,,,,,,,,,,,,,,,2021 - ,"A Japanese patrol vessel sighted this fishing vessel displaying the name LU RONG YUAN YU 581 in the Convention area at 41°11.6’N, 174°17.7’W on July 15, 2020. This vessel was fishing under the name of a legally authorized vessels which was not in the Convention Area, consequently this vessel was conducting IUU fishing and did not display an IRCS.",2021-06-05 - ,Cross-listing
True,NPFC-35 - Unknown ,,,,Fishing Vessel,,,,,,,,,,,,,,,,,,,,,,,,,,,,,,,,,,,,,,2021 - ,"A Japanese patrol vessel sighted this fishing vessel displaying the name LU RONG YUAN YU 582 in the Convention area at 41°11.4’N, 174°22.9’W on July 15, 2020. This vessel was fishing under the name of a legally authorized vessels which was not in the Convention Area, consequently this vessel was conducting IUU fishing and did not display an IRCS.",2021-06-05 - ,Cross-listing
True,NPFC-36 - Unknown,,,,Fishing Vessel,,,,,,,,,,,,,,,,,,,,,,,,,,,,,,,,,,,,,,2021 - ,"A Japanese patrol vessel sighted this fishing vessel displaying the name LU RONG YUAN YU 197 in the Convention area at 41°11.3’N, 174°20.3’W on July 15, 2020. This vessel was fishing under the name of a legally authorized vessels which was not in the Convention Area, consequently this vessel was conducting IUU fishing and did not display an IRCS.",2021-06-05 - ,Cross-listing
True,OCEAN DIAMOND,Ocean Diamond,,,,,,,,,,,,,,,,,2019-12 - ,Cross-listing,2004-11-21 - ,Reefer company provided documents showing frozen tuna had been transhiped.,,,,,,,,,,,,,,,,,,,2014-05 - ,,,,2019 - ,Cross-listing
False,OCEAN STAR MARINE,Ocean Star Marine,7817440,019921384,Fishing Vessel,,Belize,V3AG3,,2685.000,1749,85.100,197912,9.200,"Gdansk, Stocznia Polnocna SA (Northern Shipyard), Poland",Ocean Star Marine Lines SA,Ocean Star Marine Lines SA,Broken Up,2005-06-03 - 2007-05-18,"Contravention of IOTC Resolution 02/04, 02/05, 03/05",,,,,,,,,,,,,,,,,,,,,,,,,,
True,OCEAN STAR NO. 2,,8665193,,Fishing Vessel,Longline,,,,96.000,,23.500,200601,2.100,Chinese Taipei,"Ming Shun Fishery SA, Ming Shun Fishery Co Ltd, MING SHUN FISHERY CO., LTD.; Tuna Fishing (Vanuatu) Ltd, Tuna Fishing Vanuatu Co. Ltd","Ming Shun Fishery SA, Ming Shun Fishery Co Ltd, MING SHUN FISHERY CO., LTD.; Tuna Fishing (Vanuatu) Ltd, Tuna Fishing Vanuatu Co. Ltd",In Service/Commission,2021-06-09 - ,Cross-listing,2020 - ,"USA: sighting of tuna longline vessel in the Convention Area; not on ICCAT Record of Vessels; No valid Flag. Communicated via radio, vessel stated purpose was fishing.",,,,,,,,,,,,,,,,,2021-03-25 - ,Cross-listing,,,,,2021-04-05 - ,Cross-listing
True,ORCA,Orca,,,Fishing Vessel,Longline,Unknown,,,,,,,,,,,,2019-12 - ,Cross-listing,2013-08-20 - ,from IATTC,2005-12-26 - ,,,,,,,,,,,,,,,,,,2014-05 - ,,,,2019 - ,Cross-listing
True,"ORIENTE NO. 7, AL FAJR AL MUNIR",Oriente No. 7,8430586,S.T.189,Fishing Vessel,Longline,Libya,5AWC,,658.000,,"56.320, 56.300",199000,3.750,"Kaohsiung, Lien Ho Shipbuilding Co., Ltd. - Kaohsiung, Chinese Taipei, Taiwan",Taisay Kosho Co Ltd,Taisay Kosho Co Ltd,In Service/Commission,2019-12 - ,Cross-listing,2006-11-26 - ,Vessels greater than 24m not included in ICCAT Record of Vessels. Seen fishing in the MED during closed season,,,,,,,,,,,,,,,,,,,2014-05 - ,,,,2019 - ,Cross-listing
False,OZHERELYE,Ozherelye,8422876,,"Fishing Vessel, Stern Trawler",Trawl unspecified,Russia,UEZQ,273240900,1898.000,690,62.260,198411,9.220,"Stralsund, VEB Volkswerft Stralsund - Stralsund Yard/hull No.: 658, German Democratic Republic",Zapmorflot Co Ltd (OOO 'Zapmorflot'),Pionerskiy Ocean Fishing Marine Center (Pionerskaya Baza Okeanicheskogo Rybolovnogo Flota (BORF)),In Service/commission,,,,,,,,,,,,,,,2005-11-18 - 2006-10-17,,,,,,,,,,,,,
False,PARSIAN SHILA,Parsian Shila,9404285,,Fishing Vessel,Purse seine,Iran,9BKI,422573000,3296.000,,95.700,200612,7.150,"Vigo, Astilleros Armon Vigo S.A. - Vigo Yard/hull No.: 52, Spain",Salem Chabahar Products Food Co,Salem Chabahar Products Food Co,In Service/commission,2010-03-05 - 2011-03-22,Contravention of IOTC Resolution 07/02 and 09/03,,,,,,,,,,,,,,,,,,,,,,,,,,
True,PERLON,Perlon,5062479,,Fishing Vessel,,,5NTV21,,1185.000,,66.730,,5.490,"Figueira da Foz, Estaleiros Navais do Mondego S.A. - Figueira da Foz Yard/hull No.: 22, Portugal",Americagalaica S.A.,,In Service/commission,2019-12 - ,Cross-listing,2019 - ,Cross-listing,,,,,2003-11-07 - ,Inside Division 58.5.1; 58.5.1; 58.4.2; 58.4.3b; 58.4.1; 58.4.3b; 58.4.1,2007-10-31 - ,,,,,,,,,,,,2014-05 - ,,,,2019 - ,Cross-listing
False,PERMATA,Permata,,,,,Unknown,,,,,,,,,,,,,,,,2005-12-26 - 2011-07-01,,,,,,,,,,,,,,,,,,,,,,,
False,PERMATA - 08,Permata 8,,92 NO. 1790/BC,Fishing Vessel,Longline,Indonesia,YEA5088,,92.000,,22.000,,,,"INTIMAS SURYA, PT.","INTIMAS SURYA, PT.",,,,2011-08-30 - 2012-06-21,,2005-12-26 - 2012-06-21,,,,,,,,,,,,,,,,,,,,,,,
False,PERMATA 01,Permata 1,,,"Fishing Vessel, Reefer",Longline,Indonesia,YEA5032,,90.000,,"23.320, 27.200",,,,"INTIMAS SURYA, PT.",AGUS CIK,,,,2011-08-30 - 2012-06-21,,2005-12-26 - 2012-06-21,,,,,,,,,,,,,,,,,,,,,,,
False,PERMATA 02,Permata 2,,106 No. 1761/Bc,Fishing Vessel,Longline,Indonesia,YEA5033,,106.000,,"22.430, 26.660",,,,"INTIMAS SURYA, PT.",,,,,2011-08-30 - 2012-06-21,,2005-12-26 - 2012-06-21,,,,,,,,,,,,,,,,,,,,,,,
False,PERMATA 102,Permata 102,,,,,Unknown,,,,,,,,,,,,,,,,2005-12-26 - 2011-07-01,,,,,,,,,,,,,,,,,,,,,,,
False,PERMATA 138,Permata 138,,,,,Unknown,,,,,,,,,,,,,,,,2005-12-26 - 2011-07-01,,,,,,,,,,,,,,,,,,,,,,,
False,PERMATA 6,Permata 6,,115 No. 550/Ga,Fishing Vessel,Longline,Indonesia,YEA5035,,115.000,,25.050,,,,"INTIMAS SURYA, PT.",Lamijan,,,,2011-08-30 - 2012-06-21,,2005-12-26 - 2012-06-21,,,,,,,,,,,,,,,,,,,,,,,
True,"PESCACISNE 1, PESCACISNE 2","PESCACISNE 1, PESCACISNE 2",9319856,,Fishing Vessel,,,9LU2119,514144000,1016.000,641,55.000,"200406, 2003, 2004",4.100,"Navia, Armon S.A., Astilleros (Navia , Spain), Spain",Eastern Holdings Ltd,Eastern Holdings Ltd,In Service/commission,2015-05-01 - ,,2015-10-02 - ,Following IOTC,,,,,2008-11-07 - ,Supporting the IUU activities of IUU listed vessels,2008-11-08 - ,,,,,,,,,,,,2014-05 - ,,,,2019 - ,Cross-listing
True,PHOENIX,No. 2 Choyu,8429991,,Fishing Vessel,Longline,Seychelles,S7SK,664246000,450.000,,53.500,198900,3.650,"Jong Shyn Shipbuilding Co., Ltd. - Kaohsiung, Chinese Taipei",,HARVEST FISHERY LTD (COMPANY NO. 195466); Harvest Fishery Ltd,In Service/commission,2019-12 - ,Cross-listing,2006-11-26 - ,Vessels greater than 24m not included in ICCAT Record of Vessels. Seen fishing in the MED during closed season,,,,,,,,,,,,,,,,,,,2014-05 - ,,,,2019 - ,Cross-listing
False,PRIMERO VI,Primero VI,,,,,Belize,V3HC3,,79.000,,23.800,2000,2.000,Shing Sheng Fa Boatbuilding Co. Ltd,Primero Fishery Co. Ltd,,,,,,,2005-12-26 - 2006-06-30,,,,,,,,,,,,,,,,,,,,,,,
False,PRIMERO VIII,Primero VIII,,,,,Belize,V3TE6,,79.000,,23.800,2001,2.000,Shing Sheng Fa Boatbuilding Co. Ltd,Primero Fishery Co. Ltd,,,,,,,2005-12-26 - 2006-06-30,,,,,,,,,,,,,,,,,,,,,,,
False,PS REEFER,Senta,8221947,47238-15,"Reefer, Fish carrier",,Panama,3FRQ5,374083000,2047.000,2085,"85.320, 85.318, 85.310",198209,5.520,"Tsukumi, Oita, 1982-09 Y.K. Tokai Zosensho - Tsukumi Yard/hull No.: 615, Panama, Japan",Pacsun Shipping SA,Pacsun Shipping SA,In Service/commission,,,,,,,2008-06-04 - 2012-03-30,Transhipping on the high seas of the WCPFC Convention Area without being on the WCPFC Record of Fishing,,,,,,,,,,,,,,,,,,,,
True,REYMAR 6,Reymar 6,,,,,Unknown,,,,,,,,,,,,2019-12 - ,Cross-listing,2013-08-20 - ,from IATTC,2005-12-26 - ,,,,,,,,,,,,,,,,,,2014-05 - ,,,,2019 - ,Cross-listing
False,ROBERTO,Eternal,8608470,,Reefer,,Madagascar,CXYZ,,571.000,319,48.010,198604,"3.150, 3.510","1986-04 Asahi Sangyo - Anan Yard/hull No.: 1906, Japan",Societe de Transport Maritime de L'est (STME),Societe de Transport Maritime de L'est (STME),Broken Up,,,,,,,,,2003-11-07 - 2005-11-04,Reported 58.4.2; Apprehended 58.5.1,,,,,,,,,,,,,,,,,,
False,ROSITA,Rosita,8522169,M-01036,"Fishing Vessel, Stern Trawler",Trawl unspecified,Georgia,4LSL,,1898.000,690,62.260,198507,9.220,"Stralsund, VEB Volkswerft Stralsund - Stralsund Yard/hull No.: 682, German Democratic Republic",A B Bocyp Fishing Ltd,Northern Fishers Co (OOO 'Severnaya Rybolovetskaya Kompaniya'),Broken Up,,,,,,,,,,,2007-10-31 - 2009-11-13,,,,2004-04-18 - 2009-11-13,,2007-02-18 - 2009-11-13,,,,,,,,,,,
False,RWAD 1,Rwad 1,8655409,,Fishing Vessel,Longline,,,,547.000,,52.900,199512,3.570,"Korea North Unknown, Korea, North",Rwad Al Ibtkar Co LLC,Eastward Exim & Fishing Pte. Ltd; Rwad Al Ibtkar Co LLC,In Service/commission,2010-03-05 - 2011-03-22,Contravention of IOTC Resolution 07/02 and 09/03,,,,,,,,,,,,,,,,,,,,,,,,,,
False,SACRED HEART,SACRED HEART,,IND-TN-MM-4814,Fishing Vessel,Lines unspecified,India,,,,,,,,,Metlan s/o Paniyadimai,,,2017-05 - 2018-12-14,Fishing without a license in the waters of the UK (OT),2017-07-15 - 2019,Following IOTC,,,,,,,,,,,,,,,,,,,,,,,,
True,SAGE,Chia Hao No. 66,7825215,,"Fishing Vessel, Fishery support vessel",Longline,Gambia,C5J82,629100290,669.000,,53.680,197903,"3.800, 3.760, 3.750","Shizuoka, Shizuoka, Kanasashi Shipyard Co. Ltd., Japan",Rptd Sold Undisclosed Interest,Rptd Sold Undisclosed Interest,In Service/commission,2019-12 - ,Cross-listing,2011-08-30 - ,,2005-12-26 - ,,,,,,,,,,,,,,,,,,2014-05 - ,,,,2019 - ,Cross-listing
True,SAMUDERA PASIFIC NO.18,Samudera Pasifik No. 18,,505 No. 1064/Pd,Fishing Vessel,Longline,Indonesia,YGGY,,505.000,,49.300,,,,"BALI OCEAN ANUGRAH LINGER INDONESIA, PT","BALI OCEAN ANUGRAH LINGER INDONESIA, PT",,2019-12 - ,Cross-listing,2013-11-25 - ,ICCAT Contravention of ICCAT Rec. 12-06,,,,,,,,,,,,,,,,,,,2014-05 - ,,,,2019 - ,Cross-listing
True,SAMUDERA PERKASA 11,Samudera Perkasa 11,,,,,,,,,,,,,,,,,2015-05-01 - ,Operating in the IOTC area without authorisation,2015-10-02 - ,Following IOTC,,,,,,,,,,,,,,,,,,,,,,,2020 - ,Cross-listing
True,SAMUDERA PERKASA 12,Samudera Perkasa 12,,,,,,,,,,,,,,,,,2015-05-01 - ,Operating in the IOTC area without authorisation,2015-10-02 - ,Following IOTC,,,,,,,,,,,,,,,,,,,,,,,2020 - ,Cross-listing
False,SANT YAGO TRES,TS Excellence,8919427,CCP-3001-2014,Fishing Vessel,Purse seine,Guatemala,TGSY3,332001000,"2027.000, 2109.000",1650,79.800,199109,8.900,"Huelva, Huelva S.A., Astilleros De, Spain","Atunera Nacional, SA; Atunera Sant Yago SA","Atunera Nacional, SA; Jealsa Rianxeira SA",In Service/commission,2005-06-03 - 2006-05-26,Contravention of IOTC Resolution 02/04,,,,,,,,,,,,,,,,,,,,,,,,,,
False,SEA STAR V,Polestar,8914221,"4833016, 48330-16","Fish carrier, Reefer",,Panama,3EYI5,372210000,4574.000,5470,"120.202, 110.800",199002,9.950,"Fukuoka, Fukuoka, Fukuoka Zosen K.K. - Fukuoka Yard/hull No.: 1154, Japan",Habitat International Corporation,Shandong Zhonglu Fishery Shipping Co Ltd; Habitat International Corporation,In Service/commission,,,,,,,,,,,2007-10-31 - 2008-11-14,,,,2006-06-09 - 2008-10-29,090606 Sighted by ISL Transhipping 190706 OBS by ICG surveillance aircraft in RA. Transhipping with IUU vessels.,2006-12-04 - 2008-11-14,,,,,,,,,,,
True,SEA URCHIN,SEA URCHIN,7424891,,Fishing Vessel,,Unknown,,,484.000,373,48.290,197400,3.510,"Ichikikushikino, Kagoshima, 1974 Minami-Nippon Zosen K.K. - Kushikino Yard/hull No.: 220, Japan",Rptd Sold Undisclosed Interest,Rptd Sold Undisclosed Interest,In Service/commission,2019-12 - ,Cross-listing,2019 - ,Cross-listing,,,,,2007-11-02 - ,Fishing inside Division 58.4.4b,2007-11-02 - ,,,,,,,,,,,,2014-05 - ,,,,2019 - ,Cross-listing
True,SEA VIEW,AL WESAM 2,8692342,,Fishing Vessel,,Cameroon,,,395.260,,45.000,199610,5.500,Thailand,Marine Renown SARL; Vichai Sangsukiam,Vichai Sangsukiam,In Service/Commission,2018-05 - ,Contravention of IOTC Resolution 17/03,2018-06-06 - ,Cross-listing,,,,,,,,,,,,,,,,,,,,,,,2020 - ,Cross-listing
True,SEA WIND,AL WESAM 1,8692354,,Fishing Vessel,Trawls,Cameroon,,,430.000,,46.000,201001,4.100,Thailand,Marine Renown SARL; Vichai Sangsukiam,Vichai Sangsukiam,In Service/Commission,2018-05 - ,Contravention of IOTC Resolution 17/03,2018-06-06 - ,Cross-listing,,,,,,,,,,,,,,,,,,,,,,,2020 - ,Cross-listing
False,SHALOM,SHALOM,,INT-TN-15-MM-5269,Fishing Vessel,"Gillnets, Longline",India,,,,,,,,,,,,2017-05 - 2018-12-14,"Fishing without a license, use of prohibited gear and no logbook in the waters of the UK (OT)",2017-07-15 - 2019,Following IOTC,,,,,,,,,,,,,,,,,,,,,,,,
False,SHENG I TSAI 313,Sheng I Tsai 313,,,,,Unknown,V3VZ7,,97.000,,28.200,2002,2.100,"Jin Jiahn Lih Shipbuilding Co., Ltd.",,,,,,,,2005-12-26 - 2006-06-30,,,,,,,,,,,,,,,,,,,,,,,
True,SHENG JI QUN 3,SHENG JI QUN 3,,69 00 546 023,Fishing Vessel,Longline,,CPA311,,,,,,,,Chang Lin Pao-Chun,Chen Chen Tsai,,2017-05 - ,Contravention of IOTC Resolution 11/03,2017-07-15 - ,Following IOTC,,,,,,,,,,,,,,,,,,,,,,,2020 - ,Cross-listing
False,"SHIN YEOU NO. 16, SHIN YU 16",Shin Yeou No. 16,8431372,"CT7-0157, 011182",Fishing Vessel,Longline,Taiwan,BEDE,416612000,723.000,,56.150,198811,3.850,"Kaohsiung, Taiwan Machinery Manufacturing Corp. - Kaohsiung, Chinese Taipei, Taiwan",,,In Service/commission,,,2005-11-20 - 2006-11-26,,,,,,,,,,,,,,,,,,,,,,,,,
True,SHUEN SIANG,Shuen Siang,,,,,,,,,,,,,,,,,2014-06-05 - ,Operating in the IOTC area without authorisation,2015-10-02 - ,Following IOTC,,,,,,,,,,,,,,,,,,,,,,,2020 - ,Cross-listing
True,"SHUN CHANG NO. 3, 顺昌3号",No. 3 Choyu,8430550,"(JI)CHUAN DENG(JI)(2017)FT-200015, 1300001990120001, 13000058",Fishing Vessel,Longline,China,BZTX3,412688710,700.000,,49.400,199012,3.750,"Kaohsiung, Lien Ho Shipbuilding Co., Ltd. - Kaohsiung, Chinese Taipei, Lien Ho Shipbuilding Co. Ltd., Lien Ho Shipbuilding Company, Ltd.","CNFC Overseas Fisheries Company, Ltd.; 中水集团远洋股份有限公司",中渔环球海洋食品有限责任公司; ZHONGYU GLOBAL SEAFOOD CORP.,In Service/commission,2019-12 - ,Cross-listing,2006-11-26 - ,Vessels greater than 24m not included in ICCAT Record of Vessels. Seen fishing in the MED during closed season,,,,,,,,,,,,,,,,,,,2014-05 - ,,,,2019 - ,Cross-listing
True,SHUN LAI,SHUN LAI (HSIN JYI WANG NO. 6),,,,Unknown,,CPA514,,,,,,,,Lee Cheng Chung,Sun Han Min,,2017-05 - ,Contravention of IOTC Resolution 11/03,2017-07-15 - ,Following IOTC,,,,,,,,,,,,,,,,,,,,,,,2020 - ,Cross-listing
False,SHUN SING NO. 1,Chin Jui Yng No. 11,8977558,,"Fishing Vessel, Trawler","Longline, Trawl unspecified",Unknown,,,276.000,,32.060,198400,2.530,"Higashi Kyushu Zosen K.K., Japan",Macalluns SA,Macalluns SA,In Service/commission,,,,,2005-12-26 - 2006-06-30,,,,,,,,,,,,,,,,,,,,,,,
False,SIBLEY,Sibley,7930034,35696PEXT1,Fishing Vessel,Longline,Panama,HO2894,,348.000,,49.920,198005,3.660,"Niigata, Niigata, Niigata Shipbuilding & Repair Inc, Japan",Baypamar Fishing SA,Baypamar Fishing SA,Total Loss,,,,,,,,,2003-11-07 - 2010-11-01,,2007-10-31 - 2010,,,,,,,,,,,,,,,,2020 - 2020,"Cross-listing	"
True,SIN SHUN FA 6,Sin Shun Fa 6,,,,,,,,,,,,,,,,,2015-05-01 - ,Operating in the IOTC area without authorisation,2015-10-02 - ,Following IOTC,,,,,,,,,,,,,,,,,,,,,,,2020 - ,Cross-listing
True,SIN SHUN FA 67,Sin Shun Fa 67,,,,,,,,,,,,,,,,,2015-05-01 - ,Operating in the IOTC area without authorisation,2015-10-02 - ,Following IOTC,,,,,,,,,,,,,,,,,,,,,,,2020 - ,Cross-listing
True,SIN SHUN FA 8,Sin Shun Fa 8,,,,,,,,,,,,,,,,,2015-05-01 - ,Operating in the IOTC area without authorisation,2015-10-02 - ,Following IOTC,,,,,,,,,,,,,,,,,,,,,,,2020 - ,Cross-listing
True,SIN SHUN FA 9,Sin Shun Fa 9,,,,,,,,,,,,,,,,,2015-05-01 - ,Operating in the IOTC area without authorisation,2015-10-02 - ,Following IOTC,,,,,,,,,,,,,,,,,,,,,,,2020 - ,Cross-listing
True,SOUTHERN STAR 136,Southern Star 136,7378119,400450,Fishing Vessel,,St. Vincent and the Grenadines,,,318.000,432,51.210,197403,3.790,"Fukuoka, Fukuoka, Tokushima Zosen K.K. - Fukuoka Yard/hull No.: 1128, Japan",Rptd Sold Undisclosed Interest,Rptd Sold Undisclosed Interest,In Service/commission,2019-12 - ,Cross-listing,2005-11-20 - ,fishing in Brazilian waters with no licence,,,,,,,,,,,,,,,,,,,2014-05 - ,,,,2019 - ,Cross-listing
True,SRI FU FA 168,Sri Fu Fa 168,,,Fishing Vessel,Longline,,,,40.190,,,,,,,,,2014-06-05 - ,Operating in the IOTC area without authorisation,2015-10-02 - ,Following IOTC,,,,,,,,,,,,,,,,,,,,,,,2020 - ,Cross-listing
True,SRI FU FA 18,Sri Fu Fa 18,,,Fishing Vessel,Longline,,,,61.760,,,,,,,,,2014-06-05 - ,Operating in the IOTC area without authorisation,2015-10-02 - ,Following IOTC,,,,,,,,,,,,,,,,,,,,,,,2020 - ,Cross-listing
True,SRI FU FA 188,Sri Fu Fa 188,,,,,,,,,,,,,,,,,2014-06-05 - ,Operating in the IOTC area without authorisation,2015-10-02 - ,Following IOTC,,,,,,,,,,,,,,,,,,,,,,,2020 - ,Cross-listing
True,SRI FU FA 189,Sri Fu Fa 189,,,Fishing Vessel,Longline,,,,64.000,,,,,,,,,2014-06-05 - ,Operating in the IOTC area without authorisation,2015-10-02 - ,Following IOTC,,,,,,,,,,,,,,,,,,,,,,,2020 - ,Cross-listing
True,SRI FU FA 286,Sri Fu Fa 286,,,Fishing Vessel,Longline,,,,63.770,,,,,,,,,2014-06-05 - ,Operating in the IOTC area without authorisation,2015-10-02 - ,Following IOTC,,,,,,,,,,,,,,,,,,,,,,,2020 - ,Cross-listing
True,SRI FU FA 67,Sri Fu Fa 67,,,,,,,,,,,,,,,,,2014-06-05 - ,Operating in the IOTC area without authorisation,2015-10-02 - ,Following IOTC,,,,,,,,,,,,,,,,,,,,,,,2020 - ,Cross-listing
True,SRI FU FA 888,Sri Fu Fa 888,,,,,,,,,,,,,,,,,2014-06-05 - ,Operating in the IOTC area without authorisation,2015-10-02 - ,Following IOTC,,,,,,,,,,,,,,,,,,,,,,,2020 - ,Cross-listing
True,STS-50,STS-50,8514772,,"Fishing Vessel, Reefer",Longline,Unknown,5VDR2,,"384.000, 498.000",452,53.520,198510,3.760,"Shizuoka, Shizuoka, KK Kanasashi Zosen - Shizuoka SZ, Japan",Marine Fisheries Corporation Co Ltd,,In Service/commission,2019-12 - ,Cross-listing,2019 - ,Cross-listing,,,,,2016-10-28 - ,Landing IUU catch,2016 - ,From CCAMLR,,,,,,,,,,,2018 - ,,,,2019 - ,Cross-listing
True,SUMMER REFER,OKAPI MARTA,7816472,,"Fish carrier, Reefer",,,,,2617.000,1960,74.670,198705,4.710,"Huelva, Spain",Africa Maritime Co SA,Africa Maritime Co SA,In Service/commission,2019-12 - ,Cross-listing,2020 - ,Cross-listing,,,,,,,,,,,,,,,,,,,2016 - ,,,,2019 - ,Cross-listing
False,SUNNY JANE,Sunny Jane,7347407,,Reefer,,Unknown,V3KG2,,1327.000,1666,74.120,197406,6.560,"Uusikaupunki, Uudenkaupungin Telakka Oy (Nystads Varv Ab) - Uusikaupunki Yard/hull No.: 275, Finland",Rptd Sold Undisclosed Interest,Rptd Sold Undisclosed Interest,Broken Up,,,,,,,,,,,2007-10-31 - 2011-04-04,,,,2004-07-01 - 2010-11-12,010704 OBS by ISL transhipping in the NEAFC Regulatory Area 270505 OBS by ISL Transhipping with and IUU Vessel,2007-02-18 - 2011-07-13,,,,,,,,,,,
True,TA FU NO. 1,Ta Fu 1,9259070,,Fishing Vessel,,Unknown,,,125.000,,25.800,200108,,"China, Province Of Taiwan, Builders Unk, Chinese Taipei",Ching Tsuen Tsay Kuo,Ching Tsuen Tsay Kuo,In Service/commission,2019-12 - ,Cross-listing,2013-08-20 - ,,2005-12-26 - ,,,,,,,,,,,,,,,,,,2014-05 - ,,,,2019 - ,Cross-listing
False,TARUMAN,Taruman,7235733,,"Fishing Vessel, Stern Trawler",Trawl unspecified,North Korea,,,2169.000,,76.510,197301,8.160,"Sovik, Aker Yards As Soviknes, Norway",Rulfend Corp SA,Manuel Barros Rivadulla,Broken Up,,,,,,,,,2005-11-04 - 2009-10-23,Fishing inside Subarea 88.1,2007-10-31 - 2009-10-23,,,,,,,,,,,,,,,,,
False,TARZAN 28,Tarzan 28,,,,,Nicaragua,,,90.000,,27.600,2002,2.000,Chien Renn Shipbuilding Co. Ltd,,Bluefin Todo De Belize Co. Ltd.,,,,,,2005-12-26 - 2006-06-30,,,,,,,,,,,,,,,,,,,,,,,
False,"TARZAN III, TARZAN NO. 3",Tarzan III,8994362,,Fishing Vessel,Longline,,,,105.000,,23.800,199801,3.250,"Tigre, Argentina, Tecnonaval S.A.",Wang Ming-Fa,Wang Ming-Fa,In Service/commission,,,,,2005-12-26 - 2006-06-30,,,,,,,,,,,,,,,,,,,,,,,
False,TARZAN VIII,Tarzan VIII,8994374,,Fishing Vessel,,Nicaragua,,,113.000,,23.100,199701,4.500,"Tigre, Tecnonaval S.A., Argentina",Tankan Marine SA (TAMASA),Wang Ming-Fa,In Service/commission,,,,,2005-12-26 - 2006-06-30,,,,,,,,,,,,,,,,,,,,,,,
False,TARZAN XII,Tarzan XII,8994386,,Fishing Vessel,,Nicaragua,V3NU9,,113.000,,"23.100, 26.500",199701,4.500,"Tigre, Tecnonaval S.A., Argentina",Tankan Marine SA (TAMASA); Hung Chuan Wang Shih / Astillero Mariscos del Pacífico SA; Wang Ming-Fa,Wang Ming-Fa,In Service/commission,,,,,2005-12-26 - 2006-06-30,,,,,,,,,,,,,,,,,,,,,,,
False,TCHAW,Tchaw,6818930,,"Fishing Vessel, Trawler",Trawl unspecified,,,,729.000,800,53.000,196800,7.120,"Gijon, Musel S.A., Maritima Del (Gijon , Spain), Spain",His-To Co Ltd,Jose Manuel Salgueiro,Laid-Up,,,,,,,,,2005-11-04 - 2017,Inside Division 58.4.3b; Fishing inside Division 58.4.2; Inside Division 58.4.3b; 58.4.4a; Fishing inside Division 58.4.3b,2007-10-31 - 2018,,,,,,,,,,,,2014-05 - 2018,,,,,
True,TCHING YE NO. 6,Tching Ye No. 6,,,,,Unknown,V3GN,,11800.000,,2450.000,1997,325.000,Tecnonaval SA,Costado Este de UCR; Bluefin SA,,,2019-12 - ,Cross-listing,2013-08-20 - ,,2009-06-06 - ,,,,,,,,,,,,,,,,,,2014-05 - ,,,,2019 - ,Cross-listing
False,THUNDER,Thunder,6905408,,"Reefer, Factory Stern Trawler, Fishing Vessel",Trawl unspecified,Nigeria,5NTV,,1175.000,660,61.750,196903,7.010,"Ulsteinvik, Hatlo Verksted As, Norway",Royal Marine and Spares Nigeria Ltd,Rptd Sold Undisclosed Interest,Total Loss,,,,,,,,,2006-11-03 - 2015-10,,2007-10-31 - 2015-12,,,,,,,,,,,,,,,,,
True,TIAN LUNG NO. 12,Tian Lung No. 12,,,,,,,,,,,,,,,,,2015-05-01 - ,Operating in the IOTC area without authorisation,2015-10-02 - ,Following IOTC,,,,,,,,,,,,,,,,,,,,,,,2020 - ,Cross-listing
False,TIANTAI,Tiantai,7905039,,Reefer,,Unknown,,,1884.000,2144,75.390,198003,7.270,"Frederikshavn, Denmark",Rptd Sold Undisclosed Interest,Rptd Sold Undisclosed Interest,Total Loss,,,,,,,,,2012-11-15 - 2014-10-20,Inside Division 58.4.1,2012-11-15 - 2014-10-20,Adopted from CCAMLR,,,,,,,,,,,,,,,,
False,"TONINA NO. 5, NO.5 TONINA",Tonina V,9001423,9409001-6210008,Fishing Vessel,Longline,South Korea,6NKA,440645000,"408.000, 617.000",455,56.070,198908,3.840,"Busan, Dae Sun Shipbuilding & Engineering Co Ltd - Busan Yard/hull No.: 354, Korea (Republic of), Korea, South",Dongwon Industries Co Ltd,Dongwon Industries Co Ltd,In Service/commission,,,2006-11-26 - 2010,Vessels greater than 24m not included in ICCAT Record of Vessels. Seen fishing in the MED during closed season,,,,,,,,,,,,,,,,,,,,,,,,
True,TRINITY,Trinity,7321374,,"Fishing Vessel, Trawler",Trawl unspecified,Unknown,,,337.000,159,36.940,197300,3.920,"Vigo, Construcciones Navales P. Freire S.A. - Vigo Yard/hull No.: 78, Spain",Fairmat GH - Holiday Fishing Ghana,,In Service/commission,2019-12 - ,Cross-listing,2020 - ,Cross-listing,,,,,,,2007-10-31 - ,,,,2004-09-13 - ,OBS with Panamanian Flag. OBS by GBR FIS in RA,2007-02-18 - ,Following NEAFC,,,,,2014-05 - ,,,,2019 - ,Cross-listing
False,ULLA,Ulla,8606836,C-00971,"Fishing Vessel, Stern Trawler",Trawl unspecified,Georgia,4LLA,,1895.000,690,62.250,198607,9.200,"Stralsund, VEB Volkswerft Stralsund - Stralsund Yard/hull No.: 715, German Democratic Republic",,,Broken Up,,,,,,,,,,,2007-10-31 - 2009-11-13,,,,2004-04-01 - 2009-11-13,,2006-09-22 - 2009-11-13,NAFO Div. 1F,,,,,,,,,,
True,UTHAIWAN,WISDOM SEA REEFER,7637527,47912077,Reefer,,"Cameroon, Mongolia","TJMC52, JVJT7","613003596, 457900477",2989.000,3771,101.940,197709,8.010,"Groningen, Netherlands",PK Shipping & Agency Co Ltd,PK Shipping & Agency Co Ltd,Broken Up,2018-05 - 2021,Contravention of IOTC Resolution 17/03,2018-06-06 - 2021-03-05,Cross listing,,,,,,,,,,,,,,,,,,,,,,,2020 - ,Cross-listing
False,VACHANAM,VACHANAM,,TN2/FV/01256/12dt,Fishing Vessel,"Gillnets, Longline",India,,,,,,,,,Satrin T,,,2017-05 - 2019-06,Fishing without a license and use of prohibited gear in the waters of the UK (OT),2017-07-15 - 2019,Following IOTC,,,,,,,,,,,,,,,,,,,,,,,,
True,VEDRA,Acros No. 3,7717913,L-0326796,Fishing Vessel,,Honduras,HQTK9,,551.000,359,50.040,197710,3.650,"Ise, Mie, Goriki Zosensho (Ise, Mie, Japan), Japan",Pesqueras Inversiones  SA,Pesqueras Inversiones  SA,Scuttled,2019-12 - ,Cross-listing,2006-11-26 - ,Vessels greater than 24m not included in ICCAT Record of Vessels. Seen fishing in the MED during closed season,,,,,,,,,,,,,,,,,,,2014-05 - ,,,,2019 - ,Cross-listing
False,VIARSA I,Viarsa I,8001335,,Fishing Vessel,,,,,678.000,433,53.560,198004,3.710,"Ise, Mie, Goriki Zosensho, Japan",Viarsa Fishing Co Inc,Navalmar SA,Broken Up,,,,,,,,,2003-11-07 - 2008-11-07,Apprehended 58.5.2; Sighted inside Division 58.5.1,2007-10-31 - 2008-11-07,,,,,,,,,,,,,,,,,
False,VICENTE,Athena F,9130781,P-04-01010,Fishing Vessel,Purse seine,Ecuador,HC6037,735059596,"3722.000, 3708.000, 1997.000",3709,107.500,199612,10.080,"Vigo, Group Tomas A. Alonso 100, Apartado 35, 36208 Vigo (Pontevedra), Spain, H. J. Barreras","Productora Nacional Atunera Ecuatoriana Proatuna,",Productora Nacional Atunera Ecuatoriana ProatunaSA; Productora Nacional Atunera Ecuatoriana Proatuna SA,In Service/commission,,,,,,,2007-12-07 - 2008-12-12,,,,,,,,,,,,,,,,,,,,,
False,VIKING,Viking,8713392,,Fishing Vessel,,Unknown,,,1322.000,,70.110,198712,6.810,"Muroran, Hokkaido, 1987-12 Narasaki Zosen KK - Muroran HK Yard/hull No.: 1102, Japan",Betex Limited,Rptd Sold Undisclosed Interest,Scuttled,,,,,,,,,2004 - 2016-10-28,Assisting IUU operations of Thule,2007 - 2019,,,,,,,,,,,,2014-05 - 2018,,,,,
True,VIRILE,Melilla No. 101,7920182,,Fishing Vessel,Longline,Togo,5VDM6,671624000,387.000,385,50.150,198005,3.570,"Shimizu, Shizuoka, Miho Zosensho K.K. - Shimizu Yard/hull No.: 1146, Japan",North Cargo Service SA,North Cargo Service SA,In Service/commission,2019-12 - ,Cross-listing,2006-11-26 - ,Vessels greater than 24m not included in ICCAT Record of Vessels. Seen fishing in the MED during closed season,,,,,,,,,,,,,,,,,,,2014-05 - ,,,,2019 - ,Cross-listing
False,VLADIVOSTOK 2000,Damanzaihao,7913622,200661816,"Fishing Vessel, Fish factory ship",,Russia,UBES7,273455520,"49367.000, 49366.990",36484,228.600,1980,19.030,"Tsurimi Shipyard, Yokohama, Japan, Yokohama, Kanagawa, Japan, Yokohama",DVS-R Pte Ltd,DVS-R Pte Ltd,In Service/commission,,,,,,,,,,,,,,,,,,,2015-02-06 - 2020-02-14,Prolonged presence in the SPRFMO Area without authorisation and providing support to five authorised Peruvian trawlers,,,,,,,2019 - 2020,Cross-listing
False,WAN FENG,Wan Feng,,,,,Papua New Guinea,,,,,,,,,Coco Enterprises,Sunrise International,,2005-06-03 - 2008-06-11,Contravention of IOTC Resolution 02/04,,,,,,,,,,,,,,,,,,,,,,,,,,
False,WANG JIA MEN 89,Dragon 16,,,,,Unknown,,,99.000,,29.300,2000,2.000,Chien Renn Shipbuilding Co. Ltd,Bluefin Todo De Belize Co. Ltd.,IMPERIO PESQUERO DEL PACÍFICO S.A.,,,,,,2005-12-26 - 2006-06-30,,,,,,,,,,,,,,,,,,,,,,,
False,WANG JIA MEN 99,Wang Jia Men 99,9257163,280110087,Fishing Vessel,Longline,Belize,V3LV,,140.000,,29.800,200109,2.150,"Xinyuan, Jin Jiahn Lih Shipbuilding Co., Ltd., Chinese Taipei",Captura Todo de Belize Co Ltd,Captura Todo de Belize Co Ltd,Total Loss,,,,,2005-12-26 - 2006-06-30,,,,,,,,,,,,,,,,,,,,,,,
False,WANG JIA MEN NO. 88,Wan Jia Men No. 88,,,Fishing Vessel,Longline,Unknown,,,99.000,,29.300,2000,2.000,Chien Renn Shipbuilding Co. Ltd,Captura Todo de Belize Co Ltd,IMPERIO PESQUERO DEL PACÍFICO S.A.,,,,,,2005-12-26 - 2006-06-30,,,,,,,,,,,,,,,,,,,,,,,
False,WASANA 318,Maya 31,8977601,IMUL-A-0131-CBO,"Fishing Vessel, Trawler","Longline, Trawl unspecified",Sri Lanka,4SF5455,,"101.000, 81.619",,"27.000, 23.800, 27.012",200200,2.000,"Kaohsiung, Shing Sheng Fa Boat Building Co., Chinese Taipei, Taiwan","GLOBAL FISHERIES (PVT) COMPANY, GLOBAL FISHERIES PVT LTD","EXECUTIVE  DIRECTOR.GLOBAL FISHERIES (PVT) LTD; GLOBAL FISHERIES (PVT)LTD; GLOBAL FISHERIES (PVT) COMPANY, GLOBAL FISHERIES PVT LTD",In Service/commission,,,,,2005-12-26 - 2007-06-29,,,,,,,,,,,,,,,,,,,,,,,
False,WASANA 328,Maya 32,8977613,IMUL-A-0132-CBO,"Fishing Vessel, Trawler","Longline, Trawl unspecified",Sri Lanka,4SF5457,,"101.000, 81.619",,"27.000, 23.800, 27.012",200200,2.000,"Kaohsiung, Shing Sheng Fa Boat Building Co., Chinese Taipei, Taiwan","GLOBAL FISHERIES (PVT) COMPANY, GLOBAL FISHERIES PVT LTD","EXECUTIVE  DIRECTOR.GLOBAL FISHERIES (PVT) LTD; GLOBAL FISHERIES (PVT)LTD; GLOBAL FISHERIES (PVT) COMPANY, GLOBAL FISHERIES PVT LTD",In Service/commission,,,,,2005-12-26 - 2007-06-29,,,,,,,,,,,,,,,,,,,,,,,
False,WASANA 382,Maya 11,1740877,IMUL-A-0139-CBO,Fishing Vessel,Longline,Sri Lanka,4SF5456,,"79.000, 81.619",,"27.000, 23.800, 27.012",200108,2.000,"Taiwan, Chinese Taipei","GLOBAL FISHERIES (PVT) COMPANY, GLOBAL FISHERIES PVT LTD","EXECUTIVE  DIRECTOR.GLOBAL FISHERIES (PVT) LTD; GLOBAL FISHERIES (PVT)LTD; GLOBAL FISHERIES (PVT) COMPANY, GLOBAL FISHERIES PVT LTD",In Service/Commission,,,,,2005-12-26 - 2007-06-29,,,,,,,,,,,,,,,,,,,,,,,
False,WASANA NO. 380,Maya 1,8525226,IMUL-A-0133-CBO,Fishing Vessel,Longline,Sri Lanka,4SF5467,,"79.000, 81.619",,"27.000, 27.012",200001,2.000,"Taiwan, Chinese Taipei",GLOBAL FISHERIES COMPANY,EXECUTIVE  DIRECTOR.GLOBAL FISHERIES (PVT) LTD; GLOBAL FISHERIES (PVT)LTD; GLOBAL FISHERIES COMPANY,In Service/Commission,,,,,2005-12-26 - 2007-06-29,,,,,,,,,,,,,,,,,,,,,,,
False,WASANA NO. 381,Maya 2,1740865,IMUL-A-0138-CBO,Fishing Vessel,Longline,Sri Lanka,4SF5469,,"79.000, 81.619",,"27.000, 27.012",200002,2.000,"Taiwan, Chinese Taipei",GLOBAL FISHERIES COMPANY,EXECUTIVE  DIRECTOR.GLOBAL FISHERIES (PVT) LTD; GLOBAL FISHERIES (PVT)LTD; GLOBAL FISHERIES COMPANY,In Service/Commission,,,,,2005-12-26 - 2007-06-29,,,,,,,,,,,,,,,,,,,,,,,
False,WASANA NO. 385,Maya 12,1740889,IMUL-A-0134-CBO,Fishing Vessel,"Longline, Gillnets",Sri Lanka,4SF5454,,"79.000, 81.619",,"27.000, 23.800, 27.012",200002,2.000,"Taiwan, Chinese Taipei",GLOBAL FISHERIES COMPANY,EXECUTIVE  DIRECTOR.GLOBAL FISHERIES (PVT) LTD; GLOBAL FISHERIES (PVT)LTD; GLOBAL FISHERIES COMPANY,In Service/Commission,,,,,2005-12-26 - 2007-06-29,,,,,,,,,,,,,,,,,,,,,,,
False,WASANA NO. 387,Maya 22,1740891,IMUL-A-0135-CBO,Fishing Vessel,Longline,Sri Lanka,4SF5463,,"79.000, 81.619",,"27.000, 23.800, 27.012",200108,2.000,"Taiwan, Chinese Taipei",GLOBAL FISHERIES COMPANY,EXECUTIVE  DIRECTOR.GLOBAL FISHERIES (PVT) LTD; GLOBAL FISHERIES (PVT)LTD; GLOBAL FISHERIES COMPANY,In Service/Commission,,,,,2005-12-26 - 2007-06-29,,,,,,,,,,,,,,,,,,,,,,,
False,WASANA NO. 388,Maya 61,1740906,IMUL-A-0136-CBO,Fishing Vessel,Longline,Sri Lanka,4SF5462,,"79.000, 81.619",,"27.000, 23.800, 27.450, 27.012",200208,2.000,"Shing Sheng Fa Boat Building Co. Ltd, Shing Sheng Fa Boat Building Co., LTD, Taiwan, Chinese Taipei, Shing Sheng Fa Boat Building Co., Ltd., Shing Sheng Fa Boat Building Company, Ltd.","GLOBAL FISHERIES (PVT) COMPANY, GLOBAL FISHERIES PVT LTD","EXECUTIVE  DIRECTOR.GLOBAL FISHERIES (PVT) LTD; GLOBAL FISHERIES (PVT)LTD; GLOBAL FISHERIES (PVT) COMPANY, GLOBAL FISHERIES PVT LTD",In Service/Commission,,,,,2005-12-26 - 2007-06-29,,,,,,,,,,,,,,,,,,,,,,,
False,WASANA NO. 389,Maya 62,1740918,IMUL-A-0137-CBO,Fishing Vessel,Longline,Sri Lanka,4SF5464,,"79.000, 81.619",,"27.000, 23.800, 27.012",200208,2.000,"Shing Sheng Fa Boat Building Co. Ltd, Taiwan, Chinese Taipei",GLOBAL FISHERIES COMPANY,EXECUTIVE  DIRECTOR.GLOBAL FISHERIES (PVT) LTD; GLOBAL FISHERIES (PVT)LTD; GLOBAL FISHERIES COMPANY,In Service/Commission,,,,,2005-12-26 - 2007-06-29,,,,,,,,,,,,,,,,,,,,,,,
True,WEN TENG NO. 688,Wen Teng No. 688,8994295,,Fishing Vessel,,Unknown,,,119.000,,25.800,200101,2.200,"Xinyuan, Lien Fong Shipbuilding Co., Ltd., Chinese Taipei",Kee Yu Pao,Kee Yu Pao,In Service/commission,2019-12 - ,Cross-listing,2013-08-20 - ,,2005-12-26 - ,,,,,,,,,,,,,,,,,,2014-05 - ,,,,2019 - ,Cross-listing
False,WEST OCEAN,West Ocean,9230672,,Fishing Vessel,,China,BZTX8,,647.000,,54.550,200103,3.650,"Kaohsiung, Lien Cherng Shipbuilding Co., Ltd. (Kaohsiung , China, Republic Of (Taiwan)), Chinese Taipei",China National Fisheries Corporation,China National Fisheries Corporation,In Service/commission,,,,,,,,,2006-11-03 - 2011-11-01,,2007-10-31 - 2011,,,,,,,,,,,,,,,,,
False,WISDOM,WISDOM,,IND-TN-15-MM-395,Fishing Vessel,"Gillnets, Handline",India,,,,,,,,,Lowerence,,,2017-05 - 2018-12-14,Fishing without a license and use of prohibited gear in the waters of the UK (OT),2017-07-15 - 2019,Following IOTC,,,,,,,,,,,,,,,,,,,,,,,,
True,XIN SHI JI 16,Xin Shi Ji 16,9627253,"001427, 000820",Fishing Vessel,Longline,Fiji,3DTN,,198.000,,39.600,201011,3.600,"Rongcheng, Shandong, Huanghai Shipbuilding Co. Ltd, China, China, People's Republic Of",Xin Shi Ji Fisheries Limited,Xin Shi Ji Fisheries Limited,In Service/commission,2019-12 - ,Cross-listing,2014-08-12 - 2019,From IATTC,2014-07-18 - 2018-09-05,Operating in the IATTC area without authorisation,,,,,,,,,,,,,,,,,,,,,2020 - ,Cross-listing
True,XING HAI FENG,XING HAI FEN,7826233,,Fishing Vessel,,,3FHW5,,2657.000,1741,85.000,198003,9.200,"Gdansk, Stocznia Polnocna SA (Northern Shipyard), Poland",Ocean Lion Shipping SA,Ocean Lion Shipping SA,In Service/commission,2005-06-03 - ,"Contravention of IOTC Resolution 02/04, 02/05, 03/05",2009 - ,"IOTC. Contravention of IOTC Resolutions 02/04, 02/05 and 03/05",,,,,,,,,,,,,,,,,,,2014-05 - ,,,,2019 - ,Cross-listing
True,YI HONG 3,Yi Hong 3,,,,,,,,,,,,,,,,,2015-05-01 - ,Operating in the IOTC area without authorisation,2015-10-02 - ,Following IOTC,,,,,,,,,,,,,,,,,,,,,,,2020 - ,Cross-listing
True,YU FONG 168,Yu Fong 168,,,,,Unknown,BJ4786,,,,,,,,Chang Lin Pao-Chun; Mr Jang Faa Sheng,Mr Jang Faa Sheng,,2015-05-01 - ,Operating in the IOTC area without authorisation,2013-03-14 - ,FOLLOWING WCPFC,,,2009-07-01 - ,"Fishing in the Exclusive Economic Zone of the Republic of the Marshall Islands without permission and in contravention of Republic of the Marshall Islands’s laws and regulations. (CMM 2007-03, para 3b)",,,,,,,,,,,,,,,2014-05 - ,,,,2019 - ,Cross-listing
False,YU FU 11,Yu Fu 11,,,,,Papua New Guinea,,,,,,,,,Coco Enterprises,Sunrise International,,2005-06-03 - 2008-06-11,Contravention of IOTC Resolution 02/04,,,,,,,,,,,,,,,,,,,,,,,,,,
False,YU LONG,Yu Long,9257151,P-04-00959,Fishing Vessel,Longline,Ecuador,HC5585,,125.000,,29.700,200100,2.150,"Xinyuan, Chinese Taipei, Jin Jiahn Lih Shipbuilding Co., Ltd., Jin Jiahn Lih Shipbuilding Company, Ltd.",,,In Service/commission,,,,,2005-12-26 - 2006-06-30,,,,,,,,,,,,,,,,,,,,,,,
False,YU LONG 125,Yu Long 125,8995445,,Fishing Vessel,Longline,,,,125.000,,,200201,2.150,"Xinyuan, Jin Jiahn Lih Shipbuilding Co., Ltd., Chinese Taipei",Shealth Services (Thailand) Co Ltd,Shealth Services (Thailand) Co Ltd,In Service/commission,,,,,2005-12-26 - 2006-06-30,,,,,,,,,,,,,,,,,,,,,,,
False,YU LONG 66,Yu Long 66,8673023,20210154,Fishing Vessel,Longline,Belize,V3ZS6,,128.000,,28.400,"1999, 200001",3.500,"Tecnonaval SA, Chinese Taipei","Transportes El Pescador, S.A.",Pesca Tuna SA,Total Loss,,,,,2005-12-26 - 2006-06-30,,,,,,,,,,,,,,,,,,,,,,,
False,YU LONG 70,Yu Long 70,8673035,,Fishing Vessel,,Costa Rica,,,101.000,,27.200,199801,3.500,"Tecnonaval SA, Chinese Taipei",Hung Chuan Wang Shih / Comercializadora El Pez Dorado del Mar SA,Pesca Tuna SA,In Service/Commission,,,,,2005-12-26 - 2006-06-30,,,,,,,,,,,,,,,,,,,,,,,
False,YU LONG 88,Yu Long 88,,,,,Belize,V3ZT6,,76.000,,26.500,2000,3.500,"Jin Jiahn Lih Shipbuilding Co., Ltd.",,Pesca Tuna SA,,,,,,2005-12-26 - 2006-06-30,,,,,,,,,,,,,,,,,,,,,,,
False,YU LONG NO. 10,Yu Long No. 10,9265562,,Fishing Vessel,,Unknown,V3TK6,,125.000,,25.800,200201,2.150,"Xinyuan, Jin Jianh Lih Shipbuilding Co. Ltd., Chinese Taipei",Yu Long Fishery Co Ltd,Yu Long Fishery Co Ltd,In Service/commission,,,,,2005-12-26 - 2006-06-30,,,,,,,,,,,,,,,,,,,,,,,
False,YU LONG NO. 12,Tarzan 18,,,Fishing Vessel,Longline,Unknown,,,99.000,,29.300,2001,2.000,Chien Renn Shipbuilding Co. Ltd,Yu Long Fishery Co Ltd,Yu Long Fishery Co Ltd,,,,,,2005-12-26 - 2006-06-30,,,,,,,,,,,,,,,,,,,,,,,
False,YU LONG NO. 26,Yu Long 26,2699817,,Fishing Vessel,Longline,,,,55.000,,22.100,200209,1.700,"Chinese Taipei, Jin Jiahn Lih Shipbuilding Co., Ltd.",Pesca Tuna SA,Pesca Tuna SA,In Service/Commission,,,,,2005-12-26 - 2006-06-30,,,,,,,,,,,,,,,,,,,,,,,
False,YU LONG NO. 35,Yu Long 35,2700666,,Fishing Vessel,Longline,,,,55.000,,18.300,200204,1.700,"Chinese Taipei, Jin Jiahn Lih Shipbuilding Co., Ltd.",Pesca Tuna SA,Pesca Tuna SA,In Service/Commission,,,,,2005-12-26 - 2006-06-30,,,,,,,,,,,,,,,,,,,,,,,
False,YU LONG NO. 6,Yu Long No. 6,9265550,,Fishing Vessel,Longline,,,,125.000,,"28.900, 29.700",200201,2.150,"Xinyuan, Jin Jiahn Lih Shipbuilding Co., Ltd., Chinese Taipei",Shealth Services (Thailand) Co Ltd,Shealth Services (Thailand) Co Ltd,In Service/commission,,,,,2005-12-26 - 2006-06-30,,,,,,,,,,,,,,,,,,,,,,,
True,YU MAAN WON,Yu Maan Won,,,,,Unknown,,,,,,,,,,,,2007-05-18 - ,IOTC Contravention of IOTC Resolution 07/02,2009 - ,,,,,,,,,,,,,,,,,,,,2014-05 - ,,,,2019 - ,Cross-listing
True,YUANDA 6,YUANDA 6,,,Fishing Vessel,,China,,412356488,,,,,,,,,,2021-06-09 - ,Cross-listing,,,,,,,,,,,,,,,,,,,,,,,2019 - ,"A Japanese patrol vessel sighted this vessel conducting fishing operation in the Convention area at 25°45'9N, 147°07'06E on April 15, 2019. This nameless vessel (assumed “YUANDA6” from the vessel’s MMSI 412356488) was operating and running away",2020 - ,Cross-listing
True,YUANDA 8,YUANDA 8,,,Fishing Vessel,,China,,412365486,,,,,,,,,,2021-06-09 - ,Cross-listing,,,,,,,,,,,,,,,,,,,,,,,2019 - ,,2020 - ,Cross-listing
True,YUTUNA NO. 1,YUTUNA NO. 1,,69 00 4 40 166,Fishing Vessel,Longline,,CPA302,,,,,,,,Tseng Ming Tsai,Yen Shih Hsiung,,2017-05 - ,Contravention of IOTC Resolution 11/03,2017-07-15 - ,Following IOTC,,,,,,,,,,,,,,,,,,,,,,,2020 - ,Cross-listing
True,YUTUNA NO. 3,YUTUNA 3 (HUNG SHENG NO. 166),,,Fishing Vessel,Longline,,CPA212,,,,,,,,Yen Shih Hsiung,Lee Shih Yuan,,2017-05 - ,Contravention of IOTC Resolution 11/03,2017-07-15 - ,Following IOTC,,,,,,,,,,,,,,,,,,,,,,,2020 - ,Cross-listing
True,ZHE LING YU LENG 90055,,,,Fish carrier,,,,,,,,,,,,,,2019-12 - ,Cross-listing,,,,,,,,,,,,,,,,,,,,,,,2017-07 - ,,2019 - ,Cross-listing
True,ZHE LING YU LENG 905,,,,Fish carrier,,,,,,,,,,,,,,2019-12 - ,Cross-listing,,,,,,,,,,,,,,,,,,,,,,,2017-07 - ,,2019 - ,Cross-listing
True,ZHEXIANG YU 23029,ZHEXIANG YU 23029,,,Fishing Vessel,,China,,412123526,,,,,,,,,,2021-06-09 - ,Cross-listing,,,,,,,,,,,,,,,,,,,,,,,2019 - ,"Japanese patrol vessel sighted this fishing vessel in the Convention area at 25°42'03N, 147°11'02E on April 15, 2019. This vessel apparently had just finished as the gear was wet. the vessel name, which was not registered on the NPFC vessel registry",2020 - ,Cross-listing
True,ZHI MING,"No. 101 Gloria, ZHI MING",7302548,,"Reefer, Fishing Vessel, Cargo vessel",Longline,Mongolia,JVAW7,457832000,655.000,557,,197302,4.050,"Shizuoka, Shizuoka, KK Kanasashi Zosen - Shizuoka SZ, Japan",Intera Company SA,Intera Company SA,In Service/commission,2019-12 - ,Cross-listing,2006-11-26 - ,Vessels greater than 24m not included in ICCAT Record of Vessels. Seen fishing in the MED during closed season,,,,,,,,,,,,,,,,,,,2014-05 - ,,,,2019 - ,Cross-listing
False,ZHOU YU 625,Zhou Yu 625,8982917,,Fishing Vessel,,Unknown,,,195.000,,36.400,198200,3.700,"Ningbo, Zhejiang, Ningbo Fishing Vessel Shipyard, China, People's Republic Of",Chen Cailong,Chen Cailong,In Service/commission,,,,,2005-12-26 - 2006-06-30,,,,,,,,,,,,,,,,,,,,,,,
False,ZHOU YU 632,Zhou Yu 632,8982955,,Fishing Vessel,,Unknown,,,195.000,,36.400,198100,3.700,"Ningbo, Zhejiang, Ningbo Fishing Vessel Shipyard, China, People's Republic Of",Chen Cailong,Chen Cailong,In Service/commission,,,,,2005-12-26 - 2006-06-30,,,,,,,,,,,,,,,,,,,,,,,
False,ZHOU YU 641,Zhou Yu 641,8833659,,Fishing Vessel,,Unknown,,,195.000,103,41.000,198300,3.700,"Yantai, Shandong, Yantai Fishing Vessel Shipyard, China, People's Republic Of",Chen Cailong,Chen Cailong,In Service/commission,,,,,2005-12-26 - 2006-06-30,,,,,,,,,,,,,,,,,,,,,,,
False,ZHOU YU 642,Zhou Yu 642,8833661,,Fishing Vessel,,Unknown,,,195.000,103,41.000,198300,3.700,"Yantai, Shandong, Yantai Fishing Vessel Shipyard, China, People's Republic Of",Chen Cailong,Chen Cailong,In Service/commission,,,,,2005-12-26 - 2006-06-30,,,,,,,,,,,,,,,,,,,,,,,
True,ZHOU YU 651,,,,Fishing Vessel,Lift nets,,,412658989,,,,,,,,,,2019-12 - ,Cross-listing,,,,,,,,,,,,,,,,,,,,,,,2017-07 - ,,2019 - ,Cross-listing
True,ZHOU YU 652,,,,Fishing Vessel,Lift nets,,,,,,,,,,,,,2019-12 - ,Cross-listing,,,,,,,,,,,,,,,,,,,,,,,2017-07 - ,,2019 - ,Cross-listing
True,ZHOU YU 653,,,,Fishing Vessel,Lift nets,,,,,,,,,,,,,2019-12 - ,Cross-listing,,,,,,,,,,,,,,,,,,,,,,,2017-07 - ,,2019 - ,Cross-listing
True,ZHOU YU 656,,,,Fishing Vessel,Lift nets,,,,,,,,,,,,,2019-12 - ,Cross-listing,,,,,,,,,,,,,,,,,,,,,,,2017-07 - ,,2019 - ,Cross-listing
True,ZHOU YU 657,,,,Fishing Vessel,Lift nets,China,,,,,,,,,,,,2019-12 - ,Cross-listing,,,,,,,,,,,,,,,,,,,,,,,2017-07 - ,,2019 - ,Cross-listing
True,ZHOU YU 658,,,,Fishing Vessel,Lift nets,,,,,,,,,,,,,2019-12 - ,Cross-listing,,,,,,,,,,,,,,,,,,,,,,,2017-07 - ,,2019 - ,Cross-listing
True,ZHOU YU 659,,,,Fishing Vessel,Lift nets,,,,,,,,,,,,,2019-12 - ,Cross-listing,,,,,,,,,,,,,,,,,,,,,,,2017-07 - ,,2019 - ,Cross-listing
True,ZHOU YU 660,,,,,Lift nets,,,,,,,,,,,,,2019-12 - ,Cross-listing,,,,,,,,,,,,,,,,,,,,,,,2017-07 - ,,2019 - ,Cross-listing
True,ZHOU YU 661,,,,Fishing Vessel,Lift nets,,,,,,,,,,,,,2019-12 - ,Cross-listing,,,,,,,,,,,,,,,,,,,,,,,2017-07 - ,,2019 - ,Cross-listing
True,"ZHOU YU 808, 舟漁 808",Unknown,,,Fishing Vessel,,China,,,,,,,,,,,,2021-06-09 - ,Cross-listing,,,,,,,,,,,,,,,,,,,,,,,2019 - ,"A Japanese trawl vessel sighted this fishing vessel indicating its vessel name “ZHOU YU 808” MMSI 412671880, in the Koko seamount area of Convention area at 36°44'N, 171°27'E on August 29, 2018, allegedly conducted fishing for deep sea coral.",2020 - ,Cross-listing
True,"ZHOU YU 809, 舟漁 809",Unknown,,,Fishing Vessel,,China,,,,,,,,,,,,2021-06-09 - ,Cross-listing,,,,,,,,,,,,,,,,,,,,,,,2019 - ,"A Japanese trawl vessel sighted this fishing vessel indicating its vessel name “ZHOU YU 809” MMSI 412401260, in the Koko seamount area of Convention area at 36°44'N, 171°27'E on August 29, 2018, allegedly conducted fishing for deep sea coral.",2020 - ,Cross-listing
